date,open,high,low,close,volume
2021-07-27,7.539999961853027,7.75,5.940000057220459,6.289999961853027,25583800
2021-07-28,6.309999942779541,6.710000038146973,5.840000152587891,6.369999885559082,30846000
2021-07-29,6.519999980926514,7.389999866485596,6.519999980926514,7.190000057220459,4721434
2021-07-30,7.190000057220459,7.380000114440918,6.599999904632568,7.0,12481387
2021-08-02,7.0,7.099999904632568,6.769999980926514,6.960000038146973,4597000
2021-08-03,7.0,7.119999885559082,6.699999809265137,7.0,6054000
2021-08-04,7.130000114440918,7.130000114440918,6.849999904632568,7.0,4775000
2021-08-05,6.840000152587891,6.980000019073486,6.610000133514404,6.710000038146973,6159000
2021-08-06,6.699999809265137,6.71999979019165,6.090000152587891,6.269999980926514,14275322
2021-08-09,6.269999980926514,6.349999904632568,6.03000020980835,6.119999885559082,7444944
2021-08-10,6.5,6.5,6.5,6.5,8866400
2021-08-11,6.610000133514404,6.840000152587891,6.460000038146973,6.760000228881836,7578560
2021-08-12,6.760000228881836,6.849999904632568,6.590000152587891,6.71999979019165,6279000
2021-08-13,6.880000114440918,6.880000114440918,6.199999809265137,6.340000152587891,6704000
2021-08-16,6.510000228881836,7.28000020980835,6.510000228881836,7.0,16673248
2021-08-17,6.900000095367432,7.099999904632568,6.78000020980835,7.050000190734863,9770000
2021-08-18,6.980000019073486,7.139999866485596,6.900000095367432,7.050000190734863,4219222
2021-08-19,7.099999904632568,7.800000190734863,7.099999904632568,7.78000020980835,19145670
2021-08-20,7.659999847412109,7.800000190734863,7.25,7.679999828338623,13604588
2021-08-23,7.860000133514404,8.289999961853027,7.679999828338623,7.900000095367432,14669000
2021-08-24,7.909999847412109,8.09000015258789,7.5,7.760000228881836,9029000
2021-08-25,7.880000114440918,8.050000190734863,7.630000114440918,8.0,8408000
2021-08-26,8.0,8.0,7.440000057220459,7.699999809265137,8993000
2021-08-27,7.519999980926514,7.75,7.449999809265137,7.710000038146973,3920000
2021-08-30,7.769999980926514,7.889999866485596,7.550000190734863,7.690000057220459,5102000
2021-08-31,7.769999980926514,7.880000114440918,7.539999961853027,7.809999942779541,10031200
2021-09-01,7.809999942779541,7.920000076293945,7.25,7.320000171661377,12347000
2021-09-02,7.429999828338623,7.690000057220459,7.28000020980835,7.650000095367432,9128000
2021-09-03,7.829999923706055,7.889999866485596,7.599999904632568,7.809999942779541,19865000
2021-09-06,8.0,8.579999923706055,7.730000019073486,7.96999979019165,31440000
2021-09-07,8.029999732971191,8.380000114440918,7.96999979019165,8.260000228881836,17860000
2021-09-08,8.260000228881836,8.449999809265137,7.900000095367432,7.960000038146973,13041462
2021-09-09,7.960000038146973,8.25,7.900000095367432,8.119999885559082,9483180
2021-09-10,8.119999885559082,8.180000305175781,7.800000190734863,7.860000133514404,7475000
2021-09-13,8.0,8.0,7.179999828338623,7.349999904632568,12972000
2021-09-14,7.389999866485596,7.460000038146973,7.0,7.070000171661377,8161000
2021-09-15,7.070000171661377,7.150000095367432,6.630000114440918,6.71999979019165,12181000
2021-09-16,6.71999979019165,6.900000095367432,6.300000190734863,6.900000095367432,15127000
2021-09-17,6.900000095367432,6.900000095367432,6.510000228881836,6.820000171661377,9906846
2021-09-20,6.820000171661377,6.820000171661377,6.429999828338623,6.710000038146973,3615000
2021-09-21,6.699999809265137,6.699999809265137,6.369999885559082,6.650000095367432,4204000
2021-09-23,6.75,7.28000020980835,6.75,6.929999828338623,15630912
2021-09-24,7.0,7.0,6.440000057220459,6.630000114440918,7510000
2021-09-27,6.630000114440918,6.800000190734863,6.21999979019165,6.599999904632568,11762368
2021-09-28,6.670000076293945,6.670000076293945,6.400000095367432,6.630000114440918,7945000
2021-09-29,6.630000114440918,6.630000114440918,6.139999866485596,6.150000095367432,8610000
2021-09-30,6.099999904632568,6.260000228881836,5.920000076293945,6.239999771118164,10740681
2021-10-04,6.199999809265137,6.320000171661377,5.980000019073486,6.21999979019165,3091000
2021-10-05,6.050000190734863,6.190000057220459,5.96999979019165,6.079999923706055,2936000
2021-10-06,6.25,6.25,5.96999979019165,6.099999904632568,4253000
2021-10-07,6.190000057220459,6.539999961853027,6.159999847412109,6.53000020980835,7796000
2021-10-08,6.630000114440918,6.71999979019165,6.329999923706055,6.639999866485596,6554541
2021-10-11,6.75,6.949999809265137,6.599999904632568,6.659999847412109,9360000
2021-10-12,6.599999904632568,6.679999828338623,6.28000020980835,6.369999885559082,6765000
2021-10-15,6.579999923706055,6.699999809265137,6.369999885559082,6.590000152587891,9209400
2021-10-18,6.699999809265137,6.880000114440918,6.53000020980835,6.880000114440918,13710000
2021-10-19,6.880000114440918,7.019999980926514,6.730000019073486,6.860000133514404,7027000
2021-10-20,7.0,7.25,6.920000076293945,7.199999809265137,10928577
2021-10-21,7.25,7.25,6.949999809265137,7.130000114440918,4727000
2021-10-22,7.25,7.28000020980835,7.090000152587891,7.25,5754000
2021-10-25,7.239999771118164,7.289999961853027,7.03000020980835,7.059999942779541,7712000
2021-10-26,7.099999904632568,7.159999847412109,6.889999866485596,7.070000171661377,3980000
2021-10-27,7.010000228881836,7.070000171661377,6.909999847412109,6.980000019073486,5322000
2021-10-28,7.0,7.050000190734863,6.659999847412109,6.699999809265137,4879000
2021-10-29,6.699999809265137,6.920000076293945,6.619999885559082,6.829999923706055,5864000
2021-11-01,6.800000190734863,6.800000190734863,6.5,6.599999904632568,5228000
2021-11-02,6.679999828338623,6.829999923706055,6.400000095367432,6.550000190734863,5275100
2021-11-03,6.590000152587891,6.710000038146973,6.309999942779541,6.519999980926514,5843000
2021-11-04,6.489999771118164,6.829999923706055,6.489999771118164,6.789999961853027,4088000
2021-11-05,6.75,6.96999979019165,6.659999847412109,6.800000190734863,5282351
2021-11-08,6.889999866485596,6.900000095367432,6.559999942779541,6.619999885559082,2661351
2021-11-09,6.730000019073486,7.059999942779541,6.659999847412109,7.010000228881836,10075147
2021-11-10,7.059999942779541,7.5,6.960000038146973,7.260000228881836,15177078
2021-11-11,7.380000114440918,7.550000190734863,7.150000095367432,7.199999809265137,7588000
2021-11-12,7.46999979019165,7.949999809265137,7.210000038146973,7.849999904632568,34410078
2021-11-15,7.849999904632568,8.369999885559082,7.699999809265137,8.289999961853027,37248077
2021-11-16,8.449999809265137,8.489999771118164,8.140000343322754,8.34000015258789,25466912
2021-11-17,8.460000038146973,8.460000038146973,8.09000015258789,8.329999923706055,12171142
2021-11-18,8.289999961853027,8.289999961853027,7.860000133514404,8.050000190734863,12499686
2021-11-19,7.900000095367432,8.170000076293945,7.599999904632568,7.730000019073486,15400172
2021-11-22,7.75,7.75,7.460000038146973,7.46999979019165,8988000
2021-11-23,7.380000114440918,7.599999904632568,7.190000057220459,7.309999942779541,8792000
2021-11-24,7.21999979019165,7.559999942779541,7.21999979019165,7.460000038146973,5441912
2021-11-25,7.559999942779541,7.559999942779541,7.340000152587891,7.449999809265137,3772000
2021-11-26,7.400000095367432,7.519999980926514,7.199999809265137,7.21999979019165,6018000
2021-11-29,7.21999979019165,7.329999923706055,7.0,7.210000038146973,4072000
2021-11-30,7.21999979019165,7.420000076293945,7.050000190734863,7.360000133514404,12902000
2021-12-01,7.329999923706055,7.380000114440918,6.840000152587891,6.900000095367432,12556000
2021-12-02,6.900000095367432,6.900000095367432,6.550000190734863,6.659999847412109,13939000
2021-12-03,6.659999847412109,6.800000190734863,6.619999885559082,6.630000114440918,6813000
2021-12-06,6.599999904632568,6.71999979019165,6.360000133514404,6.440000057220459,21970000
2021-12-07,6.449999809265137,6.710000038146973,6.5,6.670000076293945,8980900
2021-12-08,6.78000020980835,7.010000228881836,6.71999979019165,7.0,7247000
2021-12-09,7.059999942779541,7.239999771118164,6.96999979019165,7.03000020980835,6773188
2021-12-10,6.949999809265137,7.03000020980835,6.690000057220459,6.800000190734863,10667000
2021-12-13,6.800000190734863,7.099999904632568,6.75,6.809999942779541,5533000
2021-12-14,6.800000190734863,6.829999923706055,6.590000152587891,6.639999866485596,8806318
2021-12-15,6.639999866485596,6.920000076293945,6.610000133514404,6.679999828338623,7579046
2021-12-16,6.71999979019165,6.960000038146973,6.619999885559082,6.920000076293945,6761000
2021-12-17,6.920000076293945,7.199999809265137,6.849999904632568,6.880000114440918,11299143
2021-12-20,6.800000190734863,7.090000152587891,6.440000057220459,6.46999979019165,9810000
2021-12-21,6.710000038146973,6.989999771118164,6.340000152587891,6.949999809265137,7261379
2021-12-22,6.960000038146973,7.099999904632568,6.769999980926514,7.0,7368000
2021-12-23,7.0,7.159999847412109,6.78000020980835,6.829999923706055,5781200
2021-12-24,6.869999885559082,6.869999885559082,6.730000019073486,6.760000228881836,1981000
2021-12-28,6.760000228881836,6.760000228881836,6.510000228881836,6.519999980926514,7121676
2021-12-29,6.510000228881836,6.510000228881836,5.989999771118164,6.070000171661377,15587740
2021-12-30,6.070000171661377,6.210000038146973,6.050000190734863,6.139999866485596,5430076
2021-12-31,6.269999980926514,6.389999866485596,6.019999980926514,6.179999828338623,11189000
2022-01-03,6.269999980926514,6.389999866485596,6.179999828338623,6.300000190734863,3695000
2022-01-04,6.300000190734863,6.380000114440918,6.099999904632568,6.159999847412109,6232000
2022-01-05,6.159999847412109,6.159999847412109,5.5,5.690000057220459,21970600
2022-01-06,5.699999809265137,5.699999809265137,5.150000095367432,5.300000190734863,19882045
2022-01-07,5.360000133514404,5.639999866485596,5.21999979019165,5.599999904632568,18026000
2022-01-10,5.670000076293945,6.269999980926514,5.599999904632568,6.269999980926514,13909000
2022-01-11,6.239999771118164,6.389999866485596,5.96999979019165,6.119999885559082,12856000
2022-01-12,6.130000114440918,6.449999809265137,6.199999809265137,6.440000057220459,9426000
2022-01-13,6.559999942779541,6.570000171661377,6.199999809265137,6.199999809265137,8662500
2022-01-14,6.099999904632568,6.349999904632568,6.070000171661377,6.300000190734863,3320000
2022-01-17,6.300000190734863,6.420000076293945,6.260000228881836,6.309999942779541,4880000
2022-01-18,6.309999942779541,6.480000019073486,6.21999979019165,6.340000152587891,3739000
2022-01-19,6.289999961853027,6.340000152587891,6.019999980926514,6.190000057220459,5935000
2022-01-20,6.190000057220459,6.340000152587891,6.139999866485596,6.320000171661377,8776032
2022-01-21,6.320000171661377,6.340000152587891,6.170000076293945,6.25,5370000
2022-01-24,6.159999847412109,6.230000019073486,5.840000152587891,6.110000133514404,10754000
2022-01-25,6.059999942779541,6.059999942779541,5.670000076293945,5.679999828338623,10419000
2022-01-26,5.900000095367432,5.900000095367432,5.53000020980835,5.679999828338623,6313000
2022-01-27,5.599999904632568,5.599999904632568,5.230000019073486,5.289999961853027,9647000
2022-01-28,5.210000038146973,5.210000038146973,4.730000019073486,4.900000095367432,21174300
2022-01-31,5.28000020980835,5.28000020980835,5.28000020980835,5.28000020980835,0
2022-02-04,5.300000190734863,5.599999904632568,5.289999961853027,5.550000190734863,8669000
2022-02-07,5.550000190734863,5.650000095367432,5.369999885559082,5.650000095367432,8249000
2022-02-08,5.599999904632568,5.599999904632568,5.230000019073486,5.409999847412109,7198000
2022-02-09,5.5,5.639999866485596,5.380000114440918,5.570000171661377,9059000
2022-02-10,5.570000171661377,5.670000076293945,5.239999771118164,5.449999809265137,11228000
2022-02-11,5.449999809265137,5.519999980926514,5.230000019073486,5.300000190734863,8636420
2022-02-14,5.21999979019165,5.28000020980835,4.980000019073486,5.010000228881836,7691000
2022-02-15,4.980000019073486,5.159999847412109,4.980000019073486,5.119999885559082,5011000
2022-02-16,5.300000190734863,5.349999904632568,5.070000171661377,5.190000057220459,4367500
2022-02-17,5.25,5.289999961853027,5.119999885559082,5.239999771118164,3127500
2022-02-18,5.269999980926514,5.400000095367432,5.159999847412109,5.239999771118164,4845645
2022-02-21,5.230000019073486,5.269999980926514,5.110000133514404,5.239999771118164,3022645
2022-02-22,5.170000076293945,5.25,4.980000019073486,5.150000095367432,7028800
2022-02-23,5.150000095367432,5.449999809265137,5.099999904632568,5.349999904632568,5812000
2022-02-24,5.300000190734863,5.300000190734863,4.980000019073486,5.079999923706055,5953000
2022-02-25,5.079999923706055,5.369999885559082,5.079999923706055,5.349999904632568,5466000
2022-02-28,5.349999904632568,5.730000019073486,5.269999980926514,5.710000038146973,10821000
2022-03-01,5.679999828338623,5.800000190734863,5.610000133514404,5.75,4908000
2022-03-02,5.800000190734863,5.849999904632568,5.539999961853027,5.739999771118164,4801000
2022-03-03,5.630000114440918,5.739999771118164,5.449999809265137,5.550000190734863,3640718
2022-03-04,5.449999809265137,5.449999809265137,5.150000095367432,5.25,5719000
2022-03-07,5.150000095367432,5.150000095367432,4.920000076293945,5.019999980926514,6060000
2022-03-08,5.010000228881836,5.179999828338623,4.980000019073486,5.03000020980835,6424000
2022-03-09,5.03000020980835,5.119999885559082,4.809999942779541,5.050000190734863,11688219
2022-03-10,5.130000114440918,5.28000020980835,4.730000019073486,4.760000228881836,17582000
2022-03-11,4.739999771118164,4.739999771118164,3.7899999618530273,3.9200000762939453,35432500
2022-03-14,3.799999952316284,4.070000171661377,3.700000047683716,3.869999885559082,19120000
2022-03-15,3.869999885559082,3.9700000286102295,3.2300000190734863,3.380000114440918,25304000
2022-03-16,3.509999990463257,4.21999979019165,3.430000066757202,4.179999828338623,35125200
2022-03-17,4.489999771118164,4.699999809265137,4.289999961853027,4.599999904632568,20321000
2022-03-18,4.5,4.730000019073486,4.21999979019165,4.599999904632568,13606000
2022-03-21,4.78000020980835,4.78000020980835,4.380000114440918,4.579999923706055,6469000
2022-03-22,4.53000020980835,4.75,4.489999771118164,4.710000038146973,3388000
2022-03-23,4.78000020980835,5.0,4.760000228881836,4.840000152587891,8591000
2022-03-24,4.699999809265137,4.940000057220459,4.699999809265137,4.880000114440918,3763000
2022-03-25,4.880000114440918,4.960000038146973,4.5,4.559999942779541,7050000
2022-03-28,4.599999904632568,4.679999828338623,4.380000114440918,4.449999809265137,7347000
2022-03-29,4.570000171661377,4.659999847412109,4.5,4.610000133514404,6476000
2022-03-30,4.679999828338623,4.889999866485596,4.639999866485596,4.829999923706055,5817000
2022-03-31,4.949999809265137,4.949999809265137,4.599999904632568,4.78000020980835,5593012
2022-04-01,4.769999980926514,4.769999980926514,4.159999847412109,4.480000019073486,10296000
2022-04-04,4.5,4.829999923706055,4.5,4.800000190734863,6062000
2022-04-06,4.650000095367432,4.820000171661377,4.599999904632568,4.710000038146973,6624000
2022-04-07,4.769999980926514,4.769999980926514,4.199999809265137,4.289999961853027,13000000
2022-04-08,4.400000095367432,4.409999847412109,4.179999828338623,4.269999980926514,4102000
2022-04-11,4.369999885559082,4.369999885559082,3.809999942779541,3.890000104904175,8831000
2022-04-12,4.0,4.119999885559082,3.8299999237060547,4.039999961853027,7535000
2022-04-13,4.039999961853027,4.059999942779541,3.869999885559082,3.9700000286102295,1553000
2022-04-14,4.039999961853027,4.130000114440918,3.9800000190734863,4.079999923706055,5570000
2022-04-19,4.0,4.019999980926514,3.8499999046325684,3.950000047683716,5125000
2022-04-20,4.0,4.0,3.8299999237060547,3.9100000858306885,2997000
2022-04-21,3.9000000953674316,3.9000000953674316,3.700000047683716,3.7899999618530273,6376000
2022-04-22,3.680000066757202,3.9000000953674316,3.680000066757202,3.859999895095825,5182000
2022-04-25,3.859999895095825,4.130000114440918,3.7100000381469727,3.799999952316284,12121000
2022-04-26,3.9100000858306885,4.079999923706055,3.799999952316284,3.8499999046325684,8606000
2022-04-27,3.8499999046325684,4.150000095367432,3.75,4.139999866485596,12133000
2022-04-28,4.130000114440918,4.139999866485596,3.7799999713897705,3.869999885559082,3577900
2022-04-29,3.869999885559082,3.869999885559082,3.869999885559082,3.869999885559082,0
2022-05-03,3.869999885559082,3.869999885559082,3.869999885559082,3.869999885559082,0
2022-05-04,3.9700000286102295,4.380000114440918,3.9700000286102295,4.300000190734863,7359000
2022-05-05,4.46999979019165,4.5,3.880000114440918,3.9000000953674316,12985000
2022-05-06,3.690000057220459,3.940000057220459,3.640000104904175,3.869999885559082,8438935
2022-05-10,3.7699999809265137,3.7699999809265137,3.5,3.690000057220459,13689000
2022-05-11,3.7300000190734863,4.0,3.509999990463257,3.880000114440918,10559000
2022-05-12,3.869999885559082,3.940000057220459,3.740000009536743,3.799999952316284,7174000
2022-05-13,3.930000066757202,4.070000171661377,3.5799999237060547,3.75,23141000
2022-05-16,3.75,3.880000114440918,3.740000009536743,3.8399999141693115,3527000
2022-05-17,3.9200000762939453,4.090000152587891,3.859999895095825,4.019999980926514,12095000
2022-05-18,4.099999904632568,4.119999885559082,3.940000057220459,4.039999961853027,8540000
2022-05-19,3.950000047683716,4.03000020980835,3.809999942779541,3.9800000190734863,5682100
2022-05-20,4.0,4.099999904632568,3.990000009536743,4.050000190734863,5364380
2022-05-23,4.090000152587891,4.090000152587891,3.950000047683716,4.050000190734863,2883380
2022-05-24,4.090000152587891,4.090000152587891,3.880000114440918,3.9000000953674316,4192002
2022-05-25,3.9000000953674316,3.950000047683716,3.8399999141693115,3.9200000762939453,2994000
2022-05-26,3.9200000762939453,3.9200000762939453,3.75,3.9000000953674316,5805000
2022-05-27,4.0,4.019999980926514,3.9100000858306885,3.9600000381469727,2567000
2022-05-30,3.9000000953674316,4.010000228881836,3.859999895095825,4.0,5410998
2022-05-31,4.050000190734863,4.159999847412109,3.9600000381469727,4.090000152587891,24911570
2022-06-01,4.090000152587891,4.139999866485596,3.950000047683716,3.9600000381469727,5055998
2022-06-02,3.9600000381469727,4.070000171661377,3.9100000858306885,4.039999961853027,2762000
2022-06-06,4.019999980926514,4.46999979019165,4.019999980926514,4.420000076293945,13344344
2022-06-07,4.429999828338623,4.46999979019165,4.230000019073486,4.349999904632568,7111000
2022-06-08,4.349999904632568,4.519999980926514,4.300000190734863,4.429999828338623,6981000
2022-06-09,4.519999980926514,4.679999828338623,4.25,4.320000171661377,9538000
2022-06-10,4.300000190734863,4.949999809265137,4.170000076293945,4.849999904632568,20999736
2022-06-13,4.679999828338623,5.130000114440918,4.679999828338623,4.900000095367432,11322000
2022-06-14,4.71999979019165,4.840000152587891,4.53000020980835,4.809999942779541,12157000
2022-06-15,4.809999942779541,4.940000057220459,4.800000190734863,4.909999847412109,4684000
2022-06-16,4.909999847412109,4.940000057220459,4.699999809265137,4.769999980926514,4724152
2022-06-17,4.789999961853027,4.940000057220459,4.71999979019165,4.889999866485596,4613415
2022-06-20,4.889999866485596,5.019999980926514,4.829999923706055,4.980000019073486,3173000
2022-06-21,4.980000019073486,5.199999809265137,4.980000019073486,5.110000133514404,7020000
2022-06-22,5.199999809265137,5.28000020980835,4.889999866485596,4.929999828338623,5294000
2022-06-23,4.929999828338623,5.050000190734863,4.760000228881836,4.929999828338623,8565000
2022-06-24,4.929999828338623,5.119999885559082,4.900000095367432,5.059999942779541,5413000
2022-06-27,5.110000133514404,5.199999809265137,4.96999979019165,5.070000171661377,8934000
2022-06-28,5.070000171661377,5.119999885559082,4.809999942779541,4.949999809265137,4038000
2022-06-29,4.980000019073486,4.980000019073486,4.670000076293945,4.78000020980835,7263000
2022-06-30,4.849999904632568,4.849999904632568,4.5,4.639999866485596,6013000
2022-07-04,4.639999866485596,4.75,4.5,4.670000076293945,4154000
2022-07-05,4.670000076293945,4.829999923706055,4.539999961853027,4.610000133514404,4217245
2022-07-06,4.610000133514404,4.670000076293945,4.449999809265137,4.46999979019165,3293245
2022-07-07,4.480000019073486,4.480000019073486,4.300000190734863,4.429999828338623,3959000
2022-07-08,4.429999828338623,4.559999942779541,4.429999828338623,4.519999980926514,2195000
2022-07-11,4.519999980926514,4.519999980926514,4.340000152587891,4.440000057220459,2107000
2022-07-12,4.389999866485596,4.429999828338623,4.360000133514404,4.369999885559082,2419000
2022-07-13,4.380000114440918,4.380000114440918,4.210000038146973,4.230000019073486,3682000
2022-07-14,4.25,4.360000133514404,4.099999904632568,4.239999771118164,4274000
2022-07-15,4.179999828338623,4.289999961853027,4.070000171661377,4.090000152587891,3381000
2022-07-18,4.179999828338623,4.210000038146973,3.950000047683716,4.199999809265137,3236968
2022-07-19,4.139999866485596,4.190000057220459,4.059999942779541,4.059999942779541,1278000
2022-07-20,4.110000133514404,4.239999771118164,4.110000133514404,4.179999828338623,1714415
2022-07-21,4.179999828338623,4.25,4.119999885559082,4.150000095367432,1334000
2022-07-22,4.190000057220459,4.199999809265137,4.110000133514404,4.159999847412109,1197000
2022-07-25,4.170000076293945,4.199999809265137,4.03000020980835,4.119999885559082,1843000
2022-07-26,4.119999885559082,4.170000076293945,4.059999942779541,4.139999866485596,1120000
2022-07-27,4.059999942779541,4.110000133514404,3.990000009536743,4.010000228881836,2469000
2022-07-28,4.019999980926514,4.21999979019165,4.019999980926514,4.079999923706055,2695000
2022-07-29,4.079999923706055,4.170000076293945,4.0,4.010000228881836,4526000
2022-08-01,4.050000190734863,4.050000190734863,3.9100000858306885,3.940000057220459,3976000
2022-08-02,3.940000057220459,3.940000057220459,3.7300000190734863,3.7799999713897705,5560000
2022-08-03,3.7799999713897705,3.880000114440918,3.6500000953674316,3.740000009536743,4584000
2022-08-04,3.7799999713897705,4.019999980926514,3.75,4.0,11823653
2022-08-05,4.0,4.179999828338623,3.9800000190734863,4.139999866485596,3455000
2022-08-08,4.119999885559082,4.130000114440918,3.7799999713897705,3.809999942779541,9454000
2022-08-09,3.799999952316284,3.8399999141693115,3.6700000762939453,3.819999933242798,4027998
2022-08-10,3.809999942779541,3.809999942779541,3.5899999141693115,3.680000066757202,5088000
2022-08-11,3.809999942779541,3.809999942779541,3.569999933242798,3.6700000762939453,3390000
2022-08-12,3.680000066757202,3.740000009536743,3.5899999141693115,3.680000066757202,3039000
2022-08-15,3.690000057220459,3.7899999618530273,3.6500000953674316,3.75,4793000
2022-08-16,3.819999933242798,3.819999933242798,3.619999885559082,3.700000047683716,3410000
2022-08-17,3.7799999713897705,3.7799999713897705,3.569999933242798,3.619999885559082,3328000
2022-08-18,3.640000104904175,3.6500000953674316,3.5,3.5299999713897705,2225000
2022-08-19,3.640000104904175,3.640000104904175,3.5399999618530273,3.5899999141693115,1200000
2022-08-22,3.5799999237060547,3.619999885559082,3.4700000286102295,3.5999999046325684,2892000
2022-08-23,3.5299999713897705,3.5799999237060547,3.369999885559082,3.450000047683716,3195000
2022-08-24,3.450000047683716,3.5,3.200000047683716,3.25,8135000
2022-08-25,3.25,3.369999885559082,3.200000047683716,3.369999885559082,1798000
2022-08-26,3.430000066757202,3.569999933242798,3.369999885559082,3.559999942779541,4026000
2022-08-29,3.490000009536743,3.609999895095825,3.4600000381469727,3.569999933242798,3209000
2022-08-30,3.5999999046325684,3.5999999046325684,3.4700000286102295,3.5999999046325684,2970000
2022-08-31,3.5299999713897705,3.9000000953674316,3.5299999713897705,3.7799999713897705,5595000
2022-09-01,3.7899999618530273,3.880000114440918,3.5899999141693115,3.6500000953674316,8269000
2022-09-02,3.6600000858306885,3.6600000858306885,3.4200000762939453,3.4600000381469727,8762000
2022-09-05,3.509999990463257,3.559999942779541,3.359999895095825,3.549999952316284,7245614
2022-09-06,3.569999933242798,3.619999885559082,3.3499999046325684,3.4100000858306885,6957000
2022-09-07,3.319999933242798,3.3499999046325684,2.809999942779541,2.819999933242798,20457000
2022-09-08,2.940000057220459,3.25,2.819999933242798,2.890000104904175,27772000
2022-09-09,2.950000047683716,3.1500000953674316,2.8299999237060547,3.0899999141693115,21298000
2022-09-13,3.1500000953674316,3.1500000953674316,2.8499999046325684,2.890000104904175,9324480
2022-09-14,2.859999895095825,2.880000114440918,2.380000114440918,2.4800000190734863,29082000
2022-09-15,2.4800000190734863,2.630000114440918,2.4100000858306885,2.569999933242798,11143000
2022-09-16,2.569999933242798,2.5999999046325684,2.380000114440918,2.440000057220459,13805000
2022-09-19,2.440000057220459,2.619999885559082,2.4100000858306885,2.5,13706000
2022-09-20,2.5,2.5799999237060547,2.450000047683716,2.5799999237060547,7462000
2022-09-21,2.549999952316284,2.609999895095825,2.4800000190734863,2.5799999237060547,6918000
2022-09-22,2.549999952316284,2.5899999141693115,2.4600000381469727,2.559999942779541,5779000
2022-09-23,2.569999933242798,2.609999895095825,2.509999990463257,2.5199999809265137,7634000
2022-09-26,2.5199999809265137,2.5399999618530273,2.450000047683716,2.509999990463257,4427000
2022-09-27,2.5199999809265137,2.5199999809265137,2.440000057220459,2.5,2932000
2022-09-28,2.5,2.5,2.130000114440918,2.1500000953674316,15083000
2022-09-29,2.180000066757202,2.180000066757202,2.180000066757202,2.180000066757202,0
2022-09-30,2.180000066757202,2.180000066757202,2.180000066757202,2.180000066757202,0
2022-10-03,2.180000066757202,2.180000066757202,2.180000066757202,2.180000066757202,0
2022-10-05,2.180000066757202,2.180000066757202,2.180000066757202,2.180000066757202,0
2022-10-06,2.180000066757202,2.180000066757202,2.180000066757202,2.180000066757202,0
2022-10-07,2.190000057220459,2.25,1.9800000190734863,2.0299999713897705,11617000
2022-10-10,2.0799999237060547,2.0899999141693115,1.9500000476837158,2.0299999713897705,9968000
2022-10-11,2.0299999713897705,2.069999933242798,1.9600000381469727,2.009999990463257,14742000
2022-10-12,2.0299999713897705,2.049999952316284,1.7999999523162842,1.899999976158142,13041000
2022-10-13,1.899999976158142,1.909999966621399,1.659999966621399,1.6699999570846558,16606000
2022-10-14,1.7999999523162842,1.9199999570846558,1.659999966621399,1.8200000524520874,27975000
2022-10-17,1.809999942779541,1.899999976158142,1.7100000381469727,1.8600000143051147,11782816
2022-10-18,1.9600000381469727,2.2300000190734863,1.9199999570846558,1.9800000190734863,21142000
2022-10-19,2.0,2.0,1.899999976158142,1.9800000190734863,4427000
2022-10-20,1.909999966621399,1.9800000190734863,1.850000023841858,1.899999976158142,6778000
2022-10-21,1.9299999475479126,1.9900000095367432,1.899999976158142,1.9900000095367432,4843000
2022-10-24,1.9199999570846558,1.9800000190734863,1.6799999475479126,1.7400000095367432,9263000
2022-10-25,1.7400000095367432,1.7899999618530273,1.6699999570846558,1.7799999713897705,6498000
2022-10-26,1.75,1.9900000095367432,1.75,1.8899999856948853,6258000
2022-10-27,1.9900000095367432,2.1500000953674316,1.9600000381469727,1.9900000095367432,15663000
2022-10-28,1.9900000095367432,2.0199999809265137,1.7400000095367432,1.8600000143051147,12148000
2022-10-31,1.8700000047683716,1.9500000476837158,1.8300000429153442,1.8700000047683716,6615000
2022-11-01,1.8700000047683716,2.130000114440918,1.8700000047683716,2.0999999046325684,16253062
2022-11-02,2.180000066757202,2.6700000762939453,2.140000104904175,2.549999952316284,31713000
2022-11-03,2.549999952316284,3.0,2.299999952316284,2.9000000953674316,46351000
2022-11-04,2.9100000858306885,3.490000009536743,2.9100000858306885,3.130000114440918,41749000
2022-11-07,3.119999885559082,3.759999990463257,3.109999895095825,3.630000114440918,36166184
2022-11-08,3.740000009536743,3.799999952316284,3.490000009536743,3.5999999046325684,27099000
2022-11-09,3.619999885559082,4.25,3.619999885559082,4.159999847412109,35403000
2022-11-10,4.0,4.130000114440918,3.5799999237060547,3.6600000858306885,38428000
2022-11-11,4.099999904632568,4.190000057220459,3.6600000858306885,3.700000047683716,44869000
2022-11-14,3.9600000381469727,4.260000228881836,3.7899999618530273,3.869999885559082,47252000
2022-11-15,3.869999885559082,4.329999923706055,3.75,4.019999980926514,43967000
2022-11-16,4.059999942779541,4.210000038146973,3.7899999618530273,3.9000000953674316,29344000
2022-11-17,3.880000114440918,3.9600000381469727,3.549999952316284,3.8499999046325684,19319000
2022-11-18,3.9200000762939453,4.079999923706055,3.690000057220459,3.7699999809265137,15134000
2022-11-21,3.7699999809265137,3.940000057220459,3.5999999046325684,3.859999895095825,10649000
2022-11-22,3.859999895095825,3.9000000953674316,3.4600000381469727,3.4600000381469727,18503000
2022-11-23,3.509999990463257,3.619999885559082,3.2799999713897705,3.359999895095825,15910000
2022-11-24,3.450000047683716,3.4800000190734863,3.3399999141693115,3.380000114440918,4741000
2022-11-25,3.4200000762939453,3.4200000762939453,3.1500000953674316,3.240000009536743,11183000
2022-11-28,3.1500000953674316,3.369999885559082,3.0299999713897705,3.319999933242798,9018000
2022-11-29,3.4000000953674316,3.5199999809265137,3.299999952316284,3.4800000190734863,12111000
2022-11-30,3.5,3.5999999046325684,3.2899999618530273,3.4700000286102295,11691000
2022-12-01,3.7100000381469727,4.0,3.640000104904175,3.8499999046325684,31442368
2022-12-02,3.880000114440918,3.950000047683716,3.7200000286102295,3.7799999713897705,16441619
2022-12-05,3.930000066757202,4.260000228881836,3.809999942779541,4.130000114440918,40982638
2022-12-06,4.019999980926514,4.28000020980835,3.940000057220459,4.0,18784000
2022-12-07,4.0,4.199999809265137,3.619999885559082,3.6700000762939453,25909023
2022-12-08,3.75,3.880000114440918,3.6700000762939453,3.809999942779541,24832413
2022-12-09,3.869999885559082,4.099999904632568,3.7300000190734863,3.9700000286102295,25964000
2022-12-12,3.880000114440918,3.9700000286102295,3.5899999141693115,3.609999895095825,26761500
2022-12-13,3.5999999046325684,3.759999990463257,3.5799999237060547,3.690000057220459,8847000
2022-12-14,3.690000057220459,3.7699999809265137,3.5199999809265137,3.5799999237060547,11875000
2022-12-15,3.5799999237060547,3.5799999237060547,3.3499999046325684,3.4000000953674316,16073000
2022-12-16,3.309999942779541,3.380000114440918,3.200000047683716,3.2300000190734863,19318000
2022-12-19,3.240000009536743,3.319999933242798,3.0899999141693115,3.1500000953674316,16391000
2022-12-20,3.0999999046325684,3.1600000858306885,2.9600000381469727,3.0299999713897705,22277200
2022-12-21,3.0299999713897705,3.0799999237060547,2.9600000381469727,3.069999933242798,6338200
2022-12-22,3.1500000953674316,3.2699999809265137,3.0299999713897705,3.059999942779541,17503000
2022-12-23,3.0399999618530273,3.130000114440918,2.9700000286102295,3.0,9027000
2022-12-28,3.009999990463257,3.4700000286102295,3.0,3.319999933242798,27643000
2022-12-29,3.259999990463257,3.3299999237060547,3.1600000858306885,3.2300000190734863,10660000
2022-12-30,3.299999952316284,3.559999942779541,3.2699999809265137,3.359999895095825,23034000
2023-01-03,3.4600000381469727,3.9000000953674316,3.2799999713897705,3.880000114440918,39716080
2023-01-04,3.890000104904175,4.019999980926514,3.7799999713897705,3.990000009536743,30678000
2023-01-05,4.099999904632568,4.159999847412109,3.8299999237060547,3.890000104904175,23542000
2023-01-06,3.930000066757202,4.099999904632568,3.809999942779541,3.9100000858306885,29511000
2023-01-09,4.0,4.639999866485596,3.990000009536743,4.599999904632568,68409590
2023-01-10,4.550000190734863,4.940000057220459,4.5,4.840000152587891,47249000
2023-01-11,4.909999847412109,4.920000076293945,4.570000171661377,4.630000114440918,29363000
2023-01-12,4.699999809265137,4.920000076293945,4.550000190734863,4.789999961853027,30991500
2023-01-13,4.800000190734863,4.869999885559082,4.46999979019165,4.699999809265137,41866160
2023-01-16,4.710000038146973,4.900000095367432,4.260000228881836,4.309999942779541,53408500
2023-01-17,4.309999942779541,4.449999809265137,4.090000152587891,4.320000171661377,45891000
2023-01-18,4.389999866485596,4.400000095367432,4.179999828338623,4.210000038146973,51572000
2023-01-19,4.190000057220459,4.349999904632568,4.139999866485596,4.329999923706055,7247000
2023-01-20,4.329999923706055,4.460000038146973,4.260000228881836,4.440000057220459,9028000
2023-01-26,4.5,4.880000114440918,4.5,4.800000190734863,15844000
2023-01-27,4.829999923706055,5.019999980926514,4.71999979019165,4.820000171661377,12117000
2023-01-30,4.860000133514404,4.920000076293945,4.599999904632568,4.630000114440918,25064000
2023-01-31,4.389999866485596,4.5,4.099999904632568,4.480000019073486,75793000
2023-02-01,4.53000020980835,4.840000152587891,4.300000190734863,4.78000020980835,48657000
2023-02-02,4.909999847412109,5.019999980926514,4.690000057220459,4.710000038146973,36919000
2023-02-03,4.650000095367432,4.869999885559082,4.579999923706055,4.730000019073486,23157500
2023-02-06,4.71999979019165,4.71999979019165,4.190000057220459,4.210000038146973,37237500
2023-02-07,4.289999961853027,4.420000076293945,4.130000114440918,4.340000152587891,27959000
2023-02-08,4.340000152587891,4.409999847412109,4.179999828338623,4.230000019073486,18062000
2023-02-09,4.159999847412109,4.670000076293945,4.130000114440918,4.639999866485596,38561556
2023-02-10,4.599999904632568,4.739999771118164,4.360000133514404,4.409999847412109,28119000
2023-02-13,4.360000133514404,4.53000020980835,4.25,4.46999979019165,15214000
2023-02-14,4.53000020980835,4.659999847412109,4.159999847412109,4.179999828338623,19455938
2023-02-15,4.28000020980835,4.289999961853027,4.130000114440918,4.179999828338623,13790000
2023-02-16,4.25,4.539999961853027,4.190000057220459,4.349999904632568,28269000
2023-02-17,4.300000190734863,4.420000076293945,4.110000133514404,4.190000057220459,20352084
2023-02-20,4.21999979019165,4.28000020980835,4.130000114440918,4.269999980926514,11883000
2023-02-21,4.239999771118164,4.28000020980835,3.990000009536743,4.019999980926514,26074100
2023-02-22,4.0,4.050000190734863,3.799999952316284,3.880000114440918,20935000
2023-02-23,3.880000114440918,3.990000009536743,3.819999933242798,3.9100000858306885,7790136
2023-02-24,3.9100000858306885,3.9100000858306885,3.7799999713897705,3.799999952316284,12031000
2023-02-27,3.759999990463257,3.8499999046325684,3.6600000858306885,3.7799999713897705,14532000
2023-02-28,3.8499999046325684,3.9800000190734863,3.700000047683716,3.819999933242798,13099000
2023-03-01,3.8499999046325684,4.159999847412109,3.8399999141693115,4.119999885559082,20252000
2023-03-02,4.079999923706055,4.110000133514404,3.9800000190734863,4.059999942779541,11361000
2023-03-03,4.179999828338623,4.179999828338623,4.019999980926514,4.139999866485596,9910000
2023-03-06,4.179999828338623,4.179999828338623,4.010000228881836,4.099999904632568,7191000
2023-03-07,4.099999904632568,4.150000095367432,3.9000000953674316,3.950000047683716,10127000
2023-03-08,3.880000114440918,3.9200000762939453,3.7799999713897705,3.880000114440918,10206000
2023-03-09,3.880000114440918,4.0,3.799999952316284,3.9100000858306885,6698500
2023-03-10,3.8299999237060547,3.8399999141693115,3.680000066757202,3.759999990463257,12168000
2023-03-13,3.759999990463257,3.9100000858306885,3.6700000762939453,3.759999990463257,12039000
2023-03-14,3.759999990463257,3.809999942779541,3.5799999237060547,3.640000104904175,12896000
2023-03-15,3.700000047683716,3.869999885559082,3.700000047683716,3.7699999809265137,10131000
2023-03-16,3.7100000381469727,3.9000000953674316,3.630000114440918,3.680000066757202,10102000
2023-03-17,3.759999990463257,4.059999942779541,3.759999990463257,3.9800000190734863,18713000
2023-03-20,4.0,4.0,3.6700000762939453,3.75,8834000
2023-03-21,3.8299999237060547,3.880000114440918,3.7100000381469727,3.880000114440918,8092426
2023-03-22,3.940000057220459,3.990000009536743,3.8299999237060547,3.869999885559082,7266000
2023-03-23,3.8399999141693115,4.03000020980835,3.740000009536743,3.9800000190734863,11859000
2023-03-24,3.990000009536743,4.079999923706055,3.799999952316284,3.9600000381469727,16187000
2023-03-27,3.9600000381469727,3.9600000381469727,3.1500000953674316,3.25,52253000
2023-03-28,3.3499999046325684,3.3499999046325684,3.0899999141693115,3.130000114440918,30946000
2023-03-29,3.190000057220459,3.450000047683716,3.190000057220459,3.359999895095825,28505000
2023-03-30,3.299999952316284,3.380000114440918,3.1500000953674316,3.2100000381469727,15203000
2023-03-31,3.25,3.3299999237060547,3.1600000858306885,3.299999952316284,12264000
2023-04-03,3.5,3.609999895095825,3.3399999141693115,3.5799999237060547,28879000
2023-04-04,3.5899999141693115,3.6500000953674316,3.430000066757202,3.619999885559082,18527000
2023-04-06,3.5999999046325684,3.6700000762939453,3.4700000286102295,3.5999999046325684,17625000
2023-04-11,3.5999999046325684,3.640000104904175,3.4100000858306885,3.490000009536743,15445000
2023-04-12,3.4600000381469727,3.4800000190734863,3.2799999713897705,3.369999885559082,15708000
2023-04-13,3.2899999618530273,3.3499999046325684,3.2200000286102295,3.259999990463257,10308000
2023-04-14,3.2699999809265137,3.3399999141693115,3.190000057220459,3.259999990463257,10350000
2023-04-17,3.240000009536743,3.299999952316284,3.130000114440918,3.190000057220459,15836000
2023-04-18,3.190000057220459,3.25,3.109999895095825,3.190000057220459,9576000
2023-04-19,3.2100000381469727,3.2300000190734863,2.9600000381469727,3.0399999618530273,19041000
2023-04-20,3.049999952316284,3.0899999141693115,3.0,3.009999990463257,6827000
2023-04-21,2.940000057220459,2.9700000286102295,2.8499999046325684,2.880000114440918,14221000
2023-04-24,2.8499999046325684,3.059999942779541,2.8499999046325684,2.990000009536743,14208000
2023-04-25,3.009999990463257,3.009999990463257,2.8499999046325684,2.9000000953674316,8580000
2023-04-26,2.9000000953674316,2.9200000762939453,2.8299999237060547,2.890000104904175,4903000
2023-04-27,2.9000000953674316,3.0,2.819999933242798,2.9800000190734863,8853000
2023-04-28,2.9800000190734863,3.0799999237060547,2.9800000190734863,3.0399999618530273,6740000
2023-05-02,3.059999942779541,3.0999999046325684,2.9000000953674316,2.930000066757202,2473000
2023-05-03,2.880000114440918,2.950000047683716,2.809999942779541,2.930000066757202,1959184
2023-05-04,2.930000066757202,2.9800000190734863,2.8499999046325684,2.930000066757202,5105000
2023-05-05,2.930000066757202,3.0399999618530273,2.9100000858306885,3.0,6079000
2023-05-08,3.0,3.0799999237060547,2.9100000858306885,2.9800000190734863,8771000
2023-05-09,2.950000047683716,3.0,2.9000000953674316,2.950000047683716,6586000
2023-05-10,2.950000047683716,3.0199999809265137,2.9200000762939453,2.9600000381469727,3746000
2023-05-11,2.9800000190734863,2.9800000190734863,2.8499999046325684,2.9200000762939453,3569000
2023-05-12,2.9000000953674316,2.9100000858306885,2.630000114440918,2.700000047683716,21766000
2023-05-15,2.690000057220459,2.819999933242798,2.630000114440918,2.700000047683716,15464333
2023-05-16,2.75,2.7899999618530273,2.5999999046325684,2.630000114440918,9978334
2023-05-17,2.6500000953674316,2.6500000953674316,2.549999952316284,2.569999933242798,5484000
2023-05-18,2.6500000953674316,2.6500000953674316,2.5199999809265137,2.559999942779541,6325000
2023-05-19,2.559999942779541,2.559999942779541,2.380000114440918,2.430000066757202,20909000
2023-05-22,2.509999990463257,2.630000114440918,2.450000047683716,2.5299999713897705,16090000
2023-05-23,2.5399999618530273,2.569999933242798,2.430000066757202,2.4600000381469727,6121000
2023-05-24,2.4700000286102295,2.4700000286102295,2.369999885559082,2.390000104904175,5890000
2023-05-25,2.4000000953674316,2.4000000953674316,2.2300000190734863,2.319999933242798,12955000
2023-05-29,2.3499999046325684,2.380000114440918,2.1600000858306885,2.2200000286102295,11279000
2023-05-30,2.259999990463257,2.309999942779541,2.190000057220459,2.309999942779541,8356000
2023-05-31,2.2799999713897705,2.2799999713897705,2.2200000286102295,2.2699999809265137,5810302
2023-06-01,2.3299999237060547,2.440000057220459,2.299999952316284,2.4100000858306885,12783000
2023-06-02,2.4800000190734863,2.559999942779541,2.450000047683716,2.509999990463257,11223333
2023-06-05,2.549999952316284,2.549999952316284,2.4200000762939453,2.490000009536743,5547000
2023-06-06,2.559999942779541,2.559999942779541,2.4100000858306885,2.450000047683716,6957000
2023-06-07,2.5199999809265137,2.569999933242798,2.450000047683716,2.4800000190734863,7364000
2023-06-08,2.4800000190734863,2.4800000190734863,2.319999933242798,2.4000000953674316,5249000
2023-06-09,2.4000000953674316,2.4700000286102295,2.3499999046325684,2.450000047683716,4118300
2023-06-12,2.4700000286102295,2.4800000190734863,2.369999885559082,2.4600000381469727,3695000
2023-06-13,2.4600000381469727,2.759999990463257,2.4600000381469727,2.7100000381469727,18728000
2023-06-14,2.7699999809265137,2.8299999237060547,2.700000047683716,2.7699999809265137,14179000
2023-06-15,2.7699999809265137,2.930000066757202,2.75,2.9200000762939453,16167000
2023-06-16,2.950000047683716,3.069999933242798,2.9000000953674316,2.940000057220459,18853000
2023-06-19,2.9000000953674316,3.0399999618530273,2.809999942779541,3.0,16392000
2023-06-20,2.9600000381469727,2.9700000286102295,2.7699999809265137,2.8399999141693115,11234000
2023-06-21,2.809999942779541,2.809999942779541,2.5799999237060547,2.5999999046325684,16281000
2023-06-23,2.5999999046325684,2.5999999046325684,2.4700000286102295,2.549999952316284,3469000
2023-06-26,2.549999952316284,2.619999885559082,2.490000009536743,2.549999952316284,7227400
2023-06-27,2.5299999713897705,2.6500000953674316,2.4700000286102295,2.4700000286102295,7271000
2023-06-28,2.4700000286102295,2.559999942779541,2.3499999046325684,2.5399999618530273,8673000
2023-06-29,2.549999952316284,2.5999999046325684,2.4100000858306885,2.430000066757202,5045000
2023-06-30,2.450000047683716,2.4700000286102295,2.359999895095825,2.390000104904175,7182000
2023-07-03,2.390000104904175,2.490000009536743,2.390000104904175,2.450000047683716,4403000
2023-07-04,2.450000047683716,2.5299999713897705,2.430000066757202,2.5,4586000
2023-07-05,2.559999942779541,2.559999942779541,2.4000000953674316,2.440000057220459,3848000
2023-07-06,2.440000057220459,2.440000057220459,2.2799999713897705,2.3299999237060547,8742000
2023-07-07,2.3399999141693115,2.359999895095825,2.259999990463257,2.309999942779541,2850000
2023-07-10,2.369999885559082,2.4000000953674316,2.319999933242798,2.3499999046325684,2664000
2023-07-11,2.369999885559082,2.4200000762939453,2.3499999046325684,2.390000104904175,3281000
2023-07-12,2.4000000953674316,2.5,2.4000000953674316,2.4600000381469727,6500000
2023-07-13,2.549999952316284,2.680000066757202,2.549999952316284,2.619999885559082,14303000
2023-07-14,2.690000057220459,2.7699999809265137,2.640000104904175,2.7300000190734863,11002000
2023-07-18,2.6700000762939453,2.7200000286102295,2.5899999141693115,2.640000104904175,7055000
2023-07-19,2.619999885559082,2.7100000381469727,2.569999933242798,2.7100000381469727,5247000
2023-07-20,2.759999990463257,2.7799999713897705,2.6600000858306885,2.6700000762939453,4367000
2023-07-21,2.6700000762939453,2.75,2.6500000953674316,2.7100000381469727,3873000
2023-07-24,2.7100000381469727,2.7100000381469727,2.630000114440918,2.690000057220459,4349000
2023-07-25,2.799999952316284,2.8299999237060547,2.680000066757202,2.740000009536743,10772000
2023-07-26,2.7300000190734863,2.75,2.6500000953674316,2.690000057220459,4724000
2023-07-27,2.5799999237060547,2.7200000286102295,2.509999990463257,2.7100000381469727,13901000
2023-07-28,2.7100000381469727,2.7899999618530273,2.6600000858306885,2.759999990463257,12317000
2023-07-31,2.809999942779541,2.930000066757202,2.690000057220459,2.700000047683716,24756000
2023-08-01,2.740000009536743,2.740000009536743,2.5999999046325684,2.6600000858306885,8892000
2023-08-02,2.6600000858306885,2.6700000762939453,2.5299999713897705,2.559999942779541,5760000
2023-08-03,2.549999952316284,2.609999895095825,2.4800000190734863,2.569999933242798,4292000
2023-08-04,2.619999885559082,2.680000066757202,2.5799999237060547,2.640000104904175,5458000
2023-08-07,2.6500000953674316,2.7200000286102295,2.5899999141693115,2.700000047683716,4909000
2023-08-08,2.700000047683716,2.7300000190734863,2.640000104904175,2.680000066757202,4472000
2023-08-09,2.6600000858306885,2.75,2.6500000953674316,2.7200000286102295,4695000
2023-08-10,2.740000009536743,2.740000009536743,2.609999895095825,2.7100000381469727,4797000
2023-08-11,2.7300000190734863,2.7300000190734863,2.5899999141693115,2.630000114440918,3845000
2023-08-14,2.6600000858306885,2.759999990463257,2.549999952316284,2.759999990463257,7633000
2023-08-15,2.759999990463257,2.799999952316284,2.690000057220459,2.75,3584000
2023-08-16,2.75,2.7799999713897705,2.609999895095825,2.640000104904175,6932000
2023-08-17,2.5999999046325684,2.700000047683716,2.5299999713897705,2.680000066757202,4784000
2023-08-18,2.700000047683716,2.700000047683716,2.5899999141693115,2.630000114440918,3232000
2023-08-21,2.640000104904175,2.619999885559082,2.509999990463257,2.5199999809265137,3621000
2023-08-22,2.5999999046325684,2.680000066757202,2.5399999618530273,2.6500000953674316,4616000
2023-08-23,2.700000047683716,2.700000047683716,2.5799999237060547,2.609999895095825,5430400
2023-08-24,2.6500000953674316,2.759999990463257,2.619999885559082,2.75,6856000
2023-08-25,2.7799999713897705,2.7799999713897705,2.559999942779541,2.569999933242798,7392000
2023-08-28,2.680000066757202,2.7200000286102295,2.5799999237060547,2.5899999141693115,10484900
2023-08-29,2.5199999809265137,2.5199999809265137,2.180000066757202,2.259999990463257,60858012
2023-08-30,2.299999952316284,2.299999952316284,2.0999999046325684,2.140000104904175,32362000
2023-08-31,2.1500000953674316,2.2699999809265137,2.140000104904175,2.259999990463257,20860300
2023-09-04,2.319999933242798,2.4100000858306885,2.240000009536743,2.359999895095825,17946000
2023-09-05,2.3499999046325684,2.4100000858306885,2.309999942779541,2.3499999046325684,6370000
2023-09-06,2.3499999046325684,2.359999895095825,2.25,2.2699999809265137,8775000
2023-09-07,2.2300000190734863,2.2799999713897705,2.2200000286102295,2.25,3230000
2023-09-11,2.2300000190734863,2.2699999809265137,2.200000047683716,2.259999990463257,4763400
2023-09-12,2.2799999713897705,2.2799999713897705,2.2100000381469727,2.240000009536743,2998000
2023-09-13,2.2699999809265137,2.2699999809265137,2.190000057220459,2.2300000190734863,3851000
2023-09-14,2.2300000190734863,2.25,2.200000047683716,2.240000009536743,2020000
2023-09-15,2.2100000381469727,2.240000009536743,2.140000104904175,2.1500000953674316,8863000
2023-09-18,2.1500000953674316,2.1600000858306885,2.0399999618530273,2.069999933242798,10394000
2023-09-19,2.0799999237060547,2.0799999237060547,2.0,2.069999933242798,5982000
2023-09-20,2.049999952316284,2.0799999237060547,1.9700000286102295,1.9800000190734863,6446600
2023-09-21,1.9800000190734863,1.9900000095367432,1.9199999570846558,1.9500000476837158,6298000
2023-09-22,1.9800000190734863,2.0299999713897705,1.9299999475479126,2.009999990463257,6088000
2023-09-25,1.9600000381469727,2.009999990463257,1.940000057220459,1.9900000095367432,2987000
2023-09-26,1.9900000095367432,1.9900000095367432,1.909999966621399,1.9199999570846558,4878000
2023-09-27,1.9199999570846558,1.9700000286102295,1.909999966621399,1.9500000476837158,2925000
2023-09-28,1.9800000190734863,2.0399999618530273,1.9500000476837158,2.0299999713897705,4667000
2023-09-29,2.049999952316284,2.0799999237060547,2.0299999713897705,2.0399999618530273,1064000
2023-10-03,2.049999952316284,2.049999952316284,1.909999966621399,1.9600000381469727,1703000
2023-10-04,1.9800000190734863,1.9800000190734863,1.7999999523162842,1.8300000429153442,5740000
2023-10-05,1.8300000429153442,1.909999966621399,1.7899999618530273,1.8799999952316284,2780000
2023-10-06,1.899999976158142,1.9299999475479126,1.8799999952316284,1.909999966621399,1638000
2023-10-09,1.9800000190734863,1.9800000190734863,1.8899999856948853,1.9299999475479126,2997000
2023-10-10,1.9800000190734863,2.009999990463257,1.909999966621399,1.9700000286102295,4788000
2023-10-11,2.0199999809265137,2.0999999046325684,1.9900000095367432,2.0899999141693115,5253000
2023-10-12,2.140000104904175,2.1500000953674316,2.0799999237060547,2.1500000953674316,4574000
2023-10-13,2.0999999046325684,2.0999999046325684,2.0299999713897705,2.0399999618530273,3269000
2023-10-16,2.049999952316284,2.069999933242798,1.9600000381469727,2.0,3202000
2023-10-17,2.049999952316284,2.0999999046325684,2.0,2.069999933242798,2872000
2023-10-18,2.069999933242798,2.069999933242798,2.0,2.009999990463257,2308000
2023-10-19,1.9900000095367432,2.049999952316284,1.9600000381469727,2.0199999809265137,3676000
2023-10-20,2.0,2.069999933242798,1.9500000476837158,1.9900000095367432,5186500
2023-10-24,1.9900000095367432,2.049999952316284,1.8799999952316284,1.940000057220459,6458000
2023-10-25,1.9600000381469727,2.059999942779541,1.940000057220459,1.9800000190734863,4985000
2023-10-26,1.9700000286102295,2.0,1.9199999570846558,1.9900000095367432,2510000
2023-10-27,1.9800000190734863,2.0299999713897705,1.9500000476837158,2.0299999713897705,3800000
2023-10-30,2.0,2.049999952316284,2.0,2.0399999618530273,3638000
2023-10-31,2.0199999809265137,2.049999952316284,1.9700000286102295,2.009999990463257,2696000
2023-11-01,2.0,2.0199999809265137,1.9500000476837158,1.9900000095367432,2044789
2023-11-02,2.0299999713897705,2.059999942779541,1.9900000095367432,2.0299999713897705,2796000
2023-11-03,2.0299999713897705,2.1600000858306885,2.0299999713897705,2.1500000953674316,8329000
2023-11-06,2.2100000381469727,2.380000114440918,2.2100000381469727,2.3299999237060547,11389000
2023-11-07,2.309999942779541,2.390000104904175,2.2699999809265137,2.3499999046325684,6768000
2023-11-08,2.3399999141693115,2.4800000190734863,2.319999933242798,2.380000114440918,13025000
2023-11-09,2.4000000953674316,2.430000066757202,2.2899999618530273,2.319999933242798,7320000
2023-11-10,2.3399999141693115,2.380000114440918,2.240000009536743,2.2699999809265137,6044000
2023-11-13,2.3299999237060547,2.440000057220459,2.259999990463257,2.440000057220459,5858000
2023-11-14,2.440000057220459,2.509999990463257,2.4000000953674316,2.4700000286102295,5701000
2023-11-15,2.569999933242798,2.5799999237060547,2.4600000381469727,2.490000009536743,6898000
2023-11-16,2.5,2.5299999713897705,2.440000057220459,2.5,6095000
2023-11-17,2.5,2.5,2.4000000953674316,2.430000066757202,5584000
2023-11-20,2.4000000953674316,2.5999999046325684,2.4000000953674316,2.559999942779541,14840000
2023-11-21,2.569999933242798,2.5999999046325684,2.4800000190734863,2.5199999809265137,6115000
2023-11-22,2.509999990463257,2.5199999809265137,2.430000066757202,2.4800000190734863,4450000
2023-11-23,2.509999990463257,2.5299999713897705,2.4000000953674316,2.5199999809265137,8456000
2023-11-24,2.509999990463257,2.5199999809265137,2.450000047683716,2.4800000190734863,3642000
2023-11-27,2.5,2.5,2.359999895095825,2.4000000953674316,6091000
2023-11-28,2.430000066757202,2.440000057220459,2.359999895095825,2.369999885559082,4984000
2023-11-29,2.369999885559082,2.4000000953674316,2.319999933242798,2.359999895095825,4621000
2023-11-30,2.359999895095825,2.6500000953674316,2.359999895095825,2.5899999141693115,24611063
2023-12-01,2.609999895095825,2.6500000953674316,2.5299999713897705,2.609999895095825,7547000
2023-12-04,2.640000104904175,2.680000066757202,2.440000057220459,2.4700000286102295,15559000
2023-12-05,2.4700000286102295,2.490000009536743,2.4000000953674316,2.4600000381469727,4589000
2023-12-06,2.4000000953674316,2.4600000381469727,2.3499999046325684,2.369999885559082,8131000
2023-12-07,2.4200000762939453,2.4800000190734863,2.3299999237060547,2.440000057220459,7573000
2023-12-08,2.4700000286102295,2.5899999141693115,2.440000057220459,2.549999952316284,15361000
2023-12-11,2.549999952316284,2.549999952316284,2.369999885559082,2.430000066757202,11509315
2023-12-12,2.4600000381469727,2.5399999618530273,2.4200000762939453,2.5199999809265137,7872000
2023-12-13,2.5199999809265137,2.5199999809265137,2.4100000858306885,2.440000057220459,5338000
2023-12-14,2.4700000286102295,2.569999933242798,2.4600000381469727,2.509999990463257,6432000
2023-12-15,2.5299999713897705,2.5999999046325684,2.490000009536743,2.490000009536743,10383000
2023-12-18,2.559999942779541,2.559999942779541,2.4000000953674316,2.4100000858306885,4019000
2023-12-19,2.4200000762939453,2.430000066757202,2.380000114440918,2.4200000762939453,4194000
2023-12-20,2.4600000381469727,2.4600000381469727,2.3499999046325684,2.359999895095825,7887000
2023-12-21,2.319999933242798,2.359999895095825,2.259999990463257,2.3399999141693115,5029000
2023-12-22,2.3299999237060547,2.359999895095825,2.2200000286102295,2.259999990463257,9169000
2023-12-27,2.2699999809265137,2.309999942779541,2.25,2.2699999809265137,3533000
2023-12-28,2.2699999809265137,2.4200000762939453,2.2699999809265137,2.4000000953674316,4753000
2023-12-29,2.4000000953674316,2.430000066757202,2.359999895095825,2.4100000858306885,2423000
2024-01-02,2.440000057220459,2.450000047683716,2.3399999141693115,2.380000114440918,3030960
2024-01-03,2.359999895095825,2.359999895095825,2.319999933242798,2.3499999046325684,3496000
2024-01-04,2.3499999046325684,2.3499999046325684,2.299999952316284,2.3399999141693115,2013000
2024-01-05,2.3399999141693115,2.3399999141693115,2.2799999713897705,2.309999942779541,2085000
2024-01-08,2.299999952316284,2.299999952316284,2.180000066757202,2.25,5568000
2024-01-09,2.2300000190734863,2.2699999809265137,2.2100000381469727,2.2300000190734863,1642000
2024-01-10,2.2200000286102295,2.259999990463257,2.180000066757202,2.25,3279000
2024-01-11,2.2799999713897705,2.309999942779541,2.240000009536743,2.259999990463257,3721000
2024-01-12,2.2200000286102295,2.2799999713897705,2.2100000381469727,2.2300000190734863,2062000
2024-01-15,2.2300000190734863,2.2300000190734863,2.2300000190734863,2.2300000190734863,0
2024-01-16,2.2699999809265137,2.2699999809265137,2.1500000953674316,2.1500000953674316,3465000
2024-01-17,2.1500000953674316,2.1500000953674316,1.9800000190734863,2.0199999809265137,10466000
2024-01-18,2.059999942779541,2.069999933242798,1.9900000095367432,2.0299999713897705,2865000
2024-01-19,2.0299999713897705,2.049999952316284,1.9900000095367432,2.0199999809265137,3911000
2024-01-22,2.0199999809265137,2.0199999809265137,1.840000033378601,1.8600000143051147,8005000
2024-01-23,1.8700000047683716,1.940000057220459,1.7699999809265137,1.7799999713897705,16039000
2024-01-24,1.8300000429153442,1.8899999856948853,1.7799999713897705,1.8700000047683716,9776000
2024-01-25,1.899999976158142,1.909999966621399,1.7999999523162842,1.850000023841858,16095000
2024-01-26,1.8600000143051147,1.8600000143051147,1.659999966621399,1.7000000476837158,18143234
2024-01-29,1.7100000381469727,1.7699999809265137,1.6399999856948853,1.6699999570846558,17491770
2024-01-30,1.6699999570846558,1.6699999570846558,1.4900000095367432,1.5299999713897705,15716000
2024-01-31,1.5700000524520874,1.5700000524520874,1.399999976158142,1.4500000476837158,14485000
2024-02-01,1.5099999904632568,1.5099999904632568,1.3799999952316284,1.4199999570846558,14186000
2024-02-02,1.4500000476837158,1.4900000095367432,1.350000023841858,1.3899999856948853,16486000
2024-02-05,1.3899999856948853,1.3899999856948853,1.3200000524520874,1.3700000047683716,6885000
2024-02-06,1.3700000047683716,1.4800000190734863,1.3200000524520874,1.440000057220459,14054100
2024-02-07,1.440000057220459,1.4900000095367432,1.4199999570846558,1.440000057220459,11445000
2024-02-08,1.4700000286102295,1.659999966621399,1.4199999570846558,1.5299999713897705,19342000
2024-02-09,1.4299999475479126,1.4299999475479126,1.4299999475479126,1.4299999475479126,0
2024-02-14,1.4500000476837158,1.4500000476837158,1.340000033378601,1.399999976158142,4613500
2024-02-15,1.5499999523162842,1.5499999523162842,1.350000023841858,1.399999976158142,3836000
2024-02-16,1.4199999570846558,1.5099999904632568,1.3899999856948853,1.5099999904632568,4117172
2024-02-19,1.5299999713897705,1.940000057220459,1.4800000190734863,1.8899999856948853,66003000
2024-02-20,1.8700000047683716,1.9600000381469727,1.7799999713897705,1.8899999856948853,41266800
2024-02-21,1.8799999952316284,2.0,1.7999999523162842,1.8899999856948853,39728004
2024-02-22,1.899999976158142,1.9600000381469727,1.7999999523162842,1.850000023841858,23739000
2024-02-23,1.8799999952316284,2.0999999046325684,1.8600000143051147,1.940000057220459,38749000
2024-02-26,1.940000057220459,1.9800000190734863,1.899999976158142,1.909999966621399,12096000
2024-02-27,1.940000057220459,1.9700000286102295,1.8300000429153442,1.909999966621399,21543000
2024-02-28,1.9299999475479126,1.9299999475479126,1.7200000286102295,1.7400000095367432,25993000
2024-02-29,1.7400000095367432,1.840000033378601,1.7300000190734863,1.7999999523162842,14445543
2024-03-01,1.7999999523162842,1.899999976158142,1.7799999713897705,1.8799999952316284,16784000
2024-03-04,1.899999976158142,1.909999966621399,1.7899999618530273,1.8200000524520874,17335000
2024-03-05,1.7899999618530273,1.809999942779541,1.7599999904632568,1.7799999713897705,12549000
2024-03-06,1.7799999713897705,1.8600000143051147,1.75,1.850000023841858,9952000
2024-03-07,1.850000023841858,1.8899999856948853,1.7899999618530273,1.8200000524520874,9185000
2024-03-08,1.7999999523162842,2.0,1.7999999523162842,1.940000057220459,19913000
2024-03-11,1.9700000286102295,1.9800000190734863,1.9199999570846558,1.9500000476837158,8348000
2024-03-12,1.9800000190734863,2.059999942779541,1.9299999475479126,2.0399999618530273,22607000
2024-03-13,2.0399999618530273,2.109999895095825,1.9900000095367432,2.0399999618530273,12837000
2024-03-14,2.0399999618530273,2.049999952316284,1.9299999475479126,1.9600000381469727,7846000
2024-03-15,1.9500000476837158,1.9800000190734863,1.899999976158142,1.9700000286102295,5991000
2024-03-18,2.009999990463257,2.0399999618530273,1.9500000476837158,2.0,9014500
2024-03-19,2.0199999809265137,2.0199999809265137,1.9500000476837158,1.9500000476837158,5421000
2024-03-20,1.9800000190734863,2.0399999618530273,1.9500000476837158,2.0299999713897705,5420000
2024-03-21,2.109999895095825,2.119999885559082,1.9700000286102295,1.9900000095367432,11241000
2024-03-22,2.0199999809265137,2.0199999809265137,1.909999966621399,1.940000057220459,6837000
2024-03-25,1.9700000286102295,1.9700000286102295,1.8700000047683716,1.8700000047683716,9751000
2024-03-26,1.7300000190734863,1.8300000429153442,1.649999976158142,1.75,46822000
2024-03-27,1.75,1.7599999904632568,1.6399999856948853,1.659999966621399,14677000
2024-03-28,1.690000057220459,1.690000057220459,1.5199999809265137,1.6100000143051147,28628605
2024-04-02,1.6100000143051147,1.649999976158142,1.4800000190734863,1.5199999809265137,15351000
2024-04-03,1.5199999809265137,1.5499999523162842,1.399999976158142,1.409999966621399,15425000
2024-04-05,1.399999976158142,1.409999966621399,1.3300000429153442,1.3899999856948853,10047521
2024-04-08,1.399999976158142,1.4199999570846558,1.340000033378601,1.3700000047683716,15374544
2024-04-09,1.3700000047683716,1.4299999475479126,1.3700000047683716,1.409999966621399,6581000
2024-04-10,1.4299999475479126,1.5299999713897705,1.3799999952316284,1.4600000381469727,23342544
2024-04-11,1.4500000476837158,1.4700000286102295,1.4199999570846558,1.4500000476837158,4364000
2024-04-12,1.4500000476837158,1.4500000476837158,1.3600000143051147,1.3799999952316284,8399000
2024-04-15,1.3799999952316284,1.3799999952316284,1.3200000524520874,1.3700000047683716,6421520
2024-04-16,1.350000023841858,1.3799999952316284,1.309999942779541,1.3600000143051147,9031000
2024-04-17,1.3600000143051147,1.3700000047683716,1.3200000524520874,1.3600000143051147,7261000
2024-04-18,1.3600000143051147,1.3799999952316284,1.3200000524520874,1.3600000143051147,5386000
2024-04-19,1.3799999952316284,1.3799999952316284,1.2200000286102295,1.25,17927000
2024-04-22,1.2799999713897705,1.3200000524520874,1.2400000095367432,1.2599999904632568,7346753
2024-04-23,1.25,1.2899999618530273,1.2300000190734863,1.2599999904632568,7208000
2024-04-24,1.2400000095367432,1.3700000047683716,1.2400000095367432,1.350000023841858,12623000
2024-04-25,1.3700000047683716,1.3700000047683716,1.2799999713897705,1.309999942779541,6440000
2024-04-26,1.309999942779541,1.399999976158142,1.2999999523162842,1.399999976158142,13948000
2024-04-29,1.4199999570846558,1.4700000286102295,1.409999966621399,1.4199999570846558,11414000
2024-04-30,1.4500000476837158,1.4500000476837158,1.3600000143051147,1.3799999952316284,7558000
2024-05-02,1.3899999856948853,1.6200000047683716,1.3700000047683716,1.5800000429153442,11663000
2024-05-03,1.649999976158142,1.649999976158142,1.5499999523162842,1.6100000143051147,6765000
2024-05-06,1.590000033378601,1.6399999856948853,1.5499999523162842,1.6299999952316284,10592000
2024-05-07,1.6299999952316284,1.7599999904632568,1.6100000143051147,1.6399999856948853,31578000
2024-05-08,1.6699999570846558,1.7200000286102295,1.600000023841858,1.6200000047683716,10700000
2024-05-09,1.6200000047683716,1.6799999475479126,1.6200000047683716,1.649999976158142,6791000
2024-05-10,1.649999976158142,1.7000000476837158,1.5800000429153442,1.649999976158142,9069000
2024-05-13,1.6100000143051147,1.6699999570846558,1.590000033378601,1.6299999952316284,7643000
2024-05-14,1.6399999856948853,1.7200000286102295,1.5199999809265137,1.5499999523162842,26315076
2024-05-16,1.590000033378601,1.590000033378601,1.4700000286102295,1.5499999523162842,13188000
2024-05-17,1.5700000524520874,1.590000033378601,1.4800000190734863,1.5199999809265137,10254000
2024-05-20,1.5299999713897705,1.5399999618530273,1.4600000381469727,1.5,15344000
2024-05-21,1.4800000190734863,1.5,1.440000057220459,1.4500000476837158,6502000
2024-05-22,1.4500000476837158,1.4800000190734863,1.399999976158142,1.4299999475479126,12248000
2024-05-23,1.409999966621399,1.4299999475479126,1.3799999952316284,1.3799999952316284,5419000
2024-05-24,1.3799999952316284,1.409999966621399,1.309999942779541,1.340000033378601,9962000
2024-05-27,1.340000033378601,1.409999966621399,1.2899999618530273,1.409999966621399,14861000
2024-05-28,1.3899999856948853,1.4500000476837158,1.3700000047683716,1.3700000047683716,5287000
2024-05-29,1.3799999952316284,1.399999976158142,1.350000023841858,1.3700000047683716,5237487
2024-05-30,1.3700000047683716,1.399999976158142,1.350000023841858,1.350000023841858,4317000
2024-05-31,1.350000023841858,1.3799999952316284,1.2599999904632568,1.2599999904632568,49839428
2024-06-03,1.2699999809265137,1.350000023841858,1.2699999809265137,1.2799999713897705,23384000
2024-06-04,1.2999999523162842,1.340000033378601,1.2799999713897705,1.3200000524520874,7415900
2024-06-05,1.3600000143051147,1.3799999952316284,1.2899999618530273,1.2999999523162842,9548000
2024-06-06,1.3200000524520874,1.3799999952316284,1.2999999523162842,1.3600000143051147,8918000
2024-06-07,1.399999976158142,1.409999966621399,1.350000023841858,1.3600000143051147,7269000
2024-06-11,1.350000023841858,1.350000023841858,1.2799999713897705,1.309999942779541,14777000
2024-06-12,1.2899999618530273,1.3300000429153442,1.2400000095367432,1.2799999713897705,14796000
2024-06-13,1.309999942779541,1.3200000524520874,1.2400000095367432,1.2599999904632568,15317000
2024-06-14,1.2599999904632568,1.2599999904632568,1.149999976158142,1.2400000095367432,52330000
2024-06-17,1.2300000190734863,1.25,1.1799999475479126,1.2100000381469727,11814000
2024-06-18,1.2200000286102295,1.2200000286102295,1.1799999475479126,1.2000000476837158,8619100
2024-06-19,1.2000000476837158,1.2400000095367432,1.2000000476837158,1.2200000286102295,3702000
2024-06-20,1.2300000190734863,1.2300000190734863,1.1799999475479126,1.2000000476837158,4849000
2024-06-21,1.190000057220459,1.190000057220459,1.159999966621399,1.1699999570846558,12292000
2024-06-24,1.1699999570846558,1.190000057220459,1.1399999856948853,1.190000057220459,6003000
2024-06-25,1.190000057220459,1.2100000381469727,1.1699999570846558,1.190000057220459,2983000
2024-06-26,1.190000057220459,1.2300000190734863,1.1699999570846558,1.2200000286102295,3922000
2024-06-27,1.2100000381469727,1.2200000286102295,1.1799999475479126,1.2200000286102295,4673000
2024-06-28,1.2000000476837158,1.2799999713897705,1.2000000476837158,1.25,7166000
2024-07-02,1.2100000381469727,1.2599999904632568,1.190000057220459,1.190000057220459,5236000
2024-07-03,1.2000000476837158,1.2200000286102295,1.1200000047683716,1.1799999475479126,12482000
2024-07-04,1.2000000476837158,1.2100000381469727,1.149999976158142,1.1799999475479126,3789000
2024-07-05,1.1799999475479126,1.1799999475479126,1.1399999856948853,1.1699999570846558,1892000
2024-07-08,1.149999976158142,1.1699999570846558,1.1399999856948853,1.1699999570846558,3010000
2024-07-09,1.1699999570846558,1.2100000381469727,1.149999976158142,1.2000000476837158,3007000
2024-07-10,1.2300000190734863,1.2300000190734863,1.1699999570846558,1.190000057220459,2431979
2024-07-11,1.2200000286102295,1.2799999713897705,1.2100000381469727,1.2799999713897705,11131000
2024-07-12,1.3300000429153442,1.3300000429153442,1.2599999904632568,1.2799999713897705,3911000
2024-07-15,1.25,1.2799999713897705,1.2200000286102295,1.2300000190734863,3686000
2024-07-16,1.2200000286102295,1.2300000190734863,1.2100000381469727,1.2300000190734863,1873000
2024-07-17,1.2400000095367432,1.2699999809265137,1.2100000381469727,1.2599999904632568,6171000
2024-07-18,1.2400000095367432,1.2400000095367432,1.2000000476837158,1.2400000095367432,4178000
2024-07-19,1.2200000286102295,1.2899999618530273,1.2100000381469727,1.2400000095367432,9324000
2024-07-22,1.25,1.25,1.1799999475479126,1.2200000286102295,5972000
2024-07-23,1.2300000190734863,1.2300000190734863,1.190000057220459,1.2200000286102295,3039000
2024-07-24,1.2100000381469727,1.2200000286102295,1.1799999475479126,1.190000057220459,2938000
2024-07-25,1.1799999475479126,1.190000057220459,1.149999976158142,1.1799999475479126,4033000
2024-07-26,1.2000000476837158,1.2000000476837158,1.1399999856948853,1.149999976158142,5253000
2024-07-29,1.1799999475479126,1.2899999618530273,1.159999966621399,1.2599999904632568,17184000
2024-07-30,1.2899999618530273,1.2899999618530273,1.2300000190734863,1.2400000095367432,4119000
2024-07-31,1.2599999904632568,1.340000033378601,1.25,1.309999942779541,10737000
2024-08-01,1.3200000524520874,1.3200000524520874,1.25,1.2599999904632568,6175000
2024-08-02,1.25,1.2599999904632568,1.2300000190734863,1.25,4257000
2024-08-05,1.2899999618530273,1.2899999618530273,1.1799999475479126,1.2000000476837158,6329000
2024-08-06,1.2000000476837158,1.2200000286102295,1.1699999570846558,1.2100000381469727,4935000
2024-08-07,1.2100000381469727,1.2200000286102295,1.190000057220459,1.190000057220459,3002000
2024-08-08,1.190000057220459,1.2000000476837158,1.159999966621399,1.1799999475479126,2376000
2024-08-09,1.2100000381469727,1.2100000381469727,1.1699999570846558,1.1799999475479126,3704000
2024-08-12,1.1699999570846558,1.1699999570846558,1.149999976158142,1.159999966621399,3613000
2024-08-13,1.159999966621399,1.190000057220459,1.149999976158142,1.1699999570846558,5312000
2024-08-14,1.190000057220459,1.340000033378601,1.190000057220459,1.2300000190734863,35311000
2024-08-15,1.2400000095367432,1.2799999713897705,1.2200000286102295,1.25,7535000
2024-08-16,1.2599999904632568,1.340000033378601,1.2599999904632568,1.309999942779541,14059000
2024-08-19,1.3300000429153442,1.340000033378601,1.2599999904632568,1.309999942779541,5500000
2024-08-20,1.340000033378601,1.440000057220459,1.2899999618530273,1.399999976158142,23949000
2024-08-21,1.399999976158142,1.5299999713897705,1.3799999952316284,1.5099999904632568,21687000
2024-08-22,1.5199999809265137,1.5299999713897705,1.4299999475479126,1.4800000190734863,12317000
2024-08-23,1.4800000190734863,1.6100000143051147,1.4600000381469727,1.5700000524520874,23194000
2024-08-26,1.6100000143051147,1.7400000095367432,1.5399999618530273,1.590000033378601,33740000
2024-08-27,1.5700000524520874,1.6299999952316284,1.5499999523162842,1.6299999952316284,6989000
2024-08-28,1.6200000047683716,1.6200000047683716,1.5099999904632568,1.5299999713897705,16247000
2024-08-29,1.5499999523162842,1.5499999523162842,1.5,1.5299999713897705,12448000
2024-08-30,1.5499999523162842,1.559999942779541,1.4299999475479126,1.4500000476837158,24112000
2024-09-02,1.4500000476837158,1.559999942779541,1.409999966621399,1.5399999618530273,16758000
2024-09-03,1.5399999618530273,1.649999976158142,1.5399999618530273,1.5800000429153442,19444999
2024-09-04,1.559999942779541,1.5700000524520874,1.4800000190734863,1.5099999904632568,12614000
2024-09-05,1.5099999904632568,1.5199999809265137,1.4600000381469727,1.5199999809265137,7893000
2024-09-09,1.5299999713897705,1.5800000429153442,1.4199999570846558,1.5800000429153442,18326834
2024-09-10,1.5499999523162842,1.6100000143051147,1.5299999713897705,1.5800000429153442,17254500
2024-09-11,1.5800000429153442,1.590000033378601,1.4700000286102295,1.4800000190734863,11832958
2024-09-12,1.4900000095367432,1.5099999904632568,1.4500000476837158,1.4800000190734863,11503000
2024-09-13,1.5099999904632568,1.5399999618530273,1.4600000381469727,1.4700000286102295,7866000
2024-09-16,1.4800000190734863,1.559999942779541,1.440000057220459,1.559999942779541,2894000
2024-09-17,1.559999942779541,1.5700000524520874,1.5199999809265137,1.559999942779541,1879000
2024-09-19,1.559999942779541,1.590000033378601,1.5099999904632568,1.590000033378601,7818000
2024-09-20,1.600000023841858,1.6399999856948853,1.5700000524520874,1.6200000047683716,8267000
2024-09-23,1.6200000047683716,1.7200000286102295,1.600000023841858,1.6399999856948853,16488000
2024-09-24,1.6799999475479126,1.690000057220459,1.6200000047683716,1.690000057220459,13446000
2024-09-25,1.7100000381469727,1.7799999713897705,1.690000057220459,1.7000000476837158,16170000
2024-09-26,1.7000000476837158,1.7300000190734863,1.6200000047683716,1.7200000286102295,24609000
2024-09-27,1.7400000095367432,1.850000023841858,1.7400000095367432,1.840000033378601,31999000
2024-09-30,2.009999990463257,2.2200000286102295,1.9600000381469727,2.180000066757202,69177000
2024-10-02,2.200000047683716,2.940000057220459,2.200000047683716,2.9200000762939453,46688381
2024-10-03,2.930000066757202,3.0299999713897705,2.5999999046325684,2.7100000381469727,33162000
2024-10-04,2.740000009536743,2.869999885559082,2.6600000858306885,2.809999942779541,13598000
2024-10-07,2.890000104904175,3.049999952316284,2.6500000953674316,2.7699999809265137,27389400
2024-10-08,2.8499999046325684,2.8499999046325684,2.3299999237060547,2.5299999713897705,73530000
2024-10-09,2.509999990463257,2.509999990463257,2.1500000953674316,2.259999990463257,50487000
2024-10-10,2.3499999046325684,2.390000104904175,2.259999990463257,2.2899999618530273,20779000
2024-10-14,2.299999952316284,2.6600000858306885,2.2799999713897705,2.490000009536743,61259000
2024-10-15,2.490000009536743,2.5299999713897705,2.390000104904175,2.430000066757202,20480000
2024-10-16,2.4200000762939453,2.5999999046325684,2.380000114440918,2.5399999618530273,24235000
2024-10-17,2.559999942779541,2.630000114440918,2.450000047683716,2.509999990463257,14235000
2024-10-18,2.559999942779541,2.6500000953674316,2.490000009536743,2.5999999046325684,19672000
2024-10-21,2.549999952316284,2.640000104904175,2.5199999809265137,2.630000114440918,18346000
2024-10-22,2.5999999046325684,2.7699999809265137,2.5999999046325684,2.740000009536743,18188000
2024-10-23,2.700000047683716,2.9600000381469727,2.690000057220459,2.9000000953674316,29747000
2024-10-24,2.9000000953674316,3.0,2.7699999809265137,2.7899999618530273,21556000
2024-10-25,2.799999952316284,2.9200000762939453,2.7699999809265137,2.9000000953674316,15339000
2024-10-28,2.950000047683716,3.200000047683716,2.8499999046325684,3.119999885559082,51476000
2024-10-29,3.1700000762939453,3.3299999237060547,3.1600000858306885,3.2200000286102295,37916000
2024-10-30,3.2300000190734863,3.2799999713897705,3.130000114440918,3.25,22828000
2024-10-31,3.2699999809265137,3.559999942779541,3.2799999713897705,3.5,35539879
2024-11-01,3.569999933242798,3.569999933242798,3.0199999809265137,3.049999952316284,70356000
2024-11-04,3.1500000953674316,3.2799999713897705,2.990000009536743,3.1600000858306885,27709100
2024-11-05,3.240000009536743,3.25,3.109999895095825,3.1600000858306885,25923000
2024-11-06,3.130000114440918,3.2799999713897705,3.0199999809265137,3.140000104904175,25102000
2024-11-07,3.2100000381469727,3.359999895095825,3.0899999141693115,3.2699999809265137,21691000
2024-11-08,3.359999895095825,3.390000104904175,3.1500000953674316,3.299999952316284,16477000
2024-11-11,3.359999895095825,3.5899999141693115,3.130000114440918,3.5199999809265137,31699699
2024-11-12,3.5399999618530273,3.7200000286102295,3.440000057220459,3.490000009536743,31819800
2024-11-13,3.509999990463257,3.509999990463257,3.2699999809265137,3.440000057220459,19909602
2024-11-14,3.440000057220459,3.5299999713897705,3.309999942779541,3.369999885559082,12226000
2024-11-15,3.369999885559082,3.440000057220459,3.319999933242798,3.359999895095825,10643999
2024-11-18,3.440000057220459,3.700000047683716,3.25,3.430000066757202,24468000
2024-11-19,3.5399999618530273,3.5999999046325684,3.309999942779541,3.559999942779541,13562439
2024-11-20,3.569999933242798,3.9700000286102295,3.5399999618530273,3.819999933242798,50414853
2024-11-21,3.819999933242798,3.880000114440918,3.6500000953674316,3.7699999809265137,18336000
2024-11-22,3.819999933242798,3.8499999046325684,3.5999999046325684,3.640000104904175,15089000
2024-11-25,3.75,3.75,3.1700000762939453,3.309999942779541,36010372
2024-11-26,3.309999942779541,3.3399999141693115,2.9100000858306885,3.069999933242798,50517000
2024-11-27,3.069999933242798,3.180000066757202,2.880000114440918,3.1600000858306885,35292000
2024-11-28,3.190000057220459,3.240000009536743,3.119999885559082,3.1500000953674316,8843000
2024-11-29,3.1700000762939453,3.390000104904175,3.119999885559082,3.25,19086000
2024-12-02,3.2799999713897705,3.450000047683716,3.2799999713897705,3.4100000858306885,14750000
2024-12-03,3.4800000190734863,3.509999990463257,3.3399999141693115,3.4600000381469727,10415223
2024-12-04,3.549999952316284,3.549999952316284,3.359999895095825,3.430000066757202,9214000
2024-12-05,3.430000066757202,3.700000047683716,3.4000000953674316,3.609999895095825,22798000
2024-12-06,3.6700000762939453,3.6700000762939453,3.440000057220459,3.5999999046325684,18655000
2024-12-09,3.5999999046325684,3.7100000381469727,3.5399999618530273,3.7100000381469727,14779628
2024-12-10,3.7899999618530273,3.859999895095825,3.380000114440918,3.380000114440918,26134000
2024-12-11,3.3299999237060547,3.4600000381469727,3.309999942779541,3.430000066757202,16166000
2024-12-12,3.490000009536743,3.490000009536743,3.2799999713897705,3.390000104904175,18813000
2024-12-13,3.390000104904175,3.430000066757202,3.319999933242798,3.3399999141693115,8916140
2024-12-16,3.2899999618530273,3.390000104904175,3.259999990463257,3.390000104904175,16826668
2024-12-17,3.369999885559082,3.4800000190734863,3.319999933242798,3.4000000953674316,7827000
2024-12-18,3.430000066757202,3.5199999809265137,3.3499999046325684,3.4800000190734863,9601000
2024-12-19,3.4000000953674316,3.440000057220459,3.2699999809265137,3.359999895095825,16083000
2024-12-20,3.3499999046325684,3.5299999713897705,3.3499999046325684,3.369999885559082,10922000
2024-12-23,3.450000047683716,3.450000047683716,3.109999895095825,3.130000114440918,22442000
2024-12-24,3.259999990463257,3.259999990463257,3.259999990463257,3.259999990463257,0
2024-12-27,3.25,3.3299999237060547,3.200000047683716,3.25,12053500
2024-12-30,3.259999990463257,3.740000009536743,3.2300000190734863,3.680000066757202,45602000
2024-12-31,3.740000009536743,3.740000009536743,3.740000009536743,3.740000009536743,0
2025-01-02,3.7300000190734863,3.75,3.490000009536743,3.5399999618530273,17075000
2025-01-03,3.5399999618530273,3.5999999046325684,3.4200000762939453,3.490000009536743,14251000
2025-01-06,3.5,3.799999952316284,3.5,3.569999933242798,32407000
2025-01-07,3.559999942779541,3.7200000286102295,3.319999933242798,3.509999990463257,25267900
2025-01-08,3.5199999809265137,3.630000114440918,3.1500000953674316,3.3399999141693115,31263000
2025-01-09,3.369999885559082,3.5299999713897705,2.240000009536743,2.6500000953674316,212708000
2025-01-10,2.680000066757202,2.869999885559082,2.4000000953674316,2.509999990463257,61924000
2025-01-13,2.509999990463257,2.799999952316284,2.509999990463257,2.7100000381469727,37894000
2025-01-14,2.690000057220459,2.890000104904175,2.680000066757202,2.8499999046325684,25003000
2025-01-15,2.880000114440918,3.2899999618530273,2.799999952316284,3.130000114440918,53294000
2025-01-16,3.180000066757202,3.2300000190734863,3.0899999141693115,3.1600000858306885,26677000
2025-01-17,3.1500000953674316,3.369999885559082,3.0999999046325684,3.1700000762939453,40123000
2025-01-20,3.2100000381469727,3.319999933242798,3.130000114440918,3.299999952316284,19848000
2025-01-21,3.319999933242798,3.450000047683716,3.299999952316284,3.380000114440918,21045000
2025-01-22,3.440000057220459,3.5,3.240000009536743,3.4700000286102295,19058000
2025-01-23,3.4700000286102295,3.5799999237060547,3.359999895095825,3.390000104904175,16230000
2025-01-24,3.380000114440918,3.5399999618530273,3.380000114440918,3.5,19570000
2025-01-27,3.5,3.5999999046325684,3.380000114440918,3.440000057220459,21898000
2025-01-28,3.4200000762939453,3.4200000762939453,3.4200000762939453,3.4200000762939453,0
2025-02-03,3.4000000953674316,3.4600000381469727,3.2899999618530273,3.319999933242798,6093000
2025-02-04,3.3499999046325684,3.4100000858306885,3.259999990463257,3.4100000858306885,4845000
2025-02-05,3.450000047683716,3.559999942779541,3.319999933242798,3.4600000381469727,22876000
2025-02-06,3.4700000286102295,3.559999942779541,3.430000066757202,3.5399999618530273,24167000
2025-02-07,3.5799999237060547,3.6700000762939453,3.390000104904175,3.549999952316284,25428000
2025-02-10,3.6500000953674316,3.6500000953674316,3.4000000953674316,3.4200000762939453,17683100
2025-02-11,3.450000047683716,3.5,3.369999885559082,3.390000104904175,12673000
2025-02-12,3.4600000381469727,3.490000009536743,3.380000114440918,3.4200000762939453,18603114
2025-02-13,3.430000066757202,3.4700000286102295,3.140000104904175,3.1600000858306885,27465114
2025-02-14,3.1700000762939453,3.2799999713897705,3.1600000858306885,3.2699999809265137,15242000
2025-02-17,3.3499999046325684,4.400000095367432,3.3499999046325684,4.28000020980835,189947600
2025-02-18,4.28000020980835,4.46999979019165,4.070000171661377,4.179999828338623,68251267
2025-02-19,4.179999828338623,4.210000038146973,3.7799999713897705,3.9800000190734863,60483000
2025-02-20,3.9800000190734863,4.03000020980835,3.7899999618530273,3.890000104904175,27678713
2025-02-21,4.0,4.179999828338623,3.940000057220459,4.070000171661377,37474840
2025-02-24,4.130000114440918,4.460000038146973,3.9700000286102295,4.329999923706055,50281721
2025-02-25,4.110000133514404,4.380000114440918,4.110000133514404,4.25,20144000
2025-02-26,4.260000228881836,4.449999809265137,4.21999979019165,4.400000095367432,36853000
2025-02-27,4.510000228881836,4.619999885559082,4.050000190734863,4.230000019073486,51061000
2025-02-28,4.230000019073486,4.230000019073486,3.940000057220459,4.079999923706055,61448316
2025-03-03,4.110000133514404,4.239999771118164,4.0,4.119999885559082,28005720
2025-03-04,4.0,4.159999847412109,4.0,4.059999942779541,15492329
2025-03-05,4.150000095367432,4.150000095367432,3.9600000381469727,4.010000228881836,12935000
2025-03-06,4.119999885559082,4.289999961853027,4.059999942779541,4.260000228881836,22842087
2025-03-07,4.260000228881836,4.349999904632568,4.170000076293945,4.269999980926514,14093691
2025-03-10,4.349999904632568,4.409999847412109,4.130000114440918,4.159999847412109,15090000
2025-03-11,4.130000114440918,4.150000095367432,4.019999980926514,4.130000114440918,12549500
2025-03-12,4.150000095367432,4.170000076293945,4.0,4.079999923706055,13000000
2025-03-13,4.130000114440918,4.130000114440918,3.859999895095825,3.930000066757202,19910975
2025-03-14,4.03000020980835,4.03000020980835,3.880000114440918,3.950000047683716,9690873
2025-03-17,4.039999961853027,4.630000114440918,3.940000057220459,4.53000020980835,83311344
2025-03-18,4.5,4.579999923706055,4.349999904632568,4.429999828338623,22198969
2025-03-19,4.429999828338623,4.579999923706055,4.349999904632568,4.550000190734863,16233262
2025-03-20,4.659999847412109,4.659999847412109,4.150000095367432,4.150000095367432,32734418
2025-03-21,4.150000095367432,4.179999828338623,3.9800000190734863,4.050000190734863,23752726
2025-03-24,4.050000190734863,4.389999866485596,3.950000047683716,4.300000190734863,33605088
2025-03-25,4.400000095367432,4.46999979019165,4.139999866485596,4.199999809265137,23739026
2025-03-26,4.239999771118164,4.300000190734863,4.090000152587891,4.090000152587891,9841000
2025-03-27,4.110000133514404,4.150000095367432,3.940000057220459,3.9700000286102295,20219074
2025-03-28,4.039999961853027,4.150000095367432,3.9600000381469727,4.079999923706055,16481858
2025-03-31,4.050000190734863,4.170000076293945,4.010000228881836,4.110000133514404,13091794
2025-04-01,4.139999866485596,4.170000076293945,3.880000114440918,3.940000057220459,25878178
2025-04-02,3.930000066757202,4.050000190734863,3.930000066757202,3.9700000286102295,6366515
2025-04-03,3.9200000762939453,3.990000009536743,3.880000114440918,3.9600000381469727,8425688
2025-04-07,3.5999999046325684,3.5999999046325684,2.950000047683716,3.009999990463257,46059000
2025-04-08,3.180000066757202,3.190000057220459,3.0,3.1700000762939453,17564000
2025-04-09,3.0,3.25,2.930000066757202,3.1600000858306885,23538318
2025-04-10,3.299999952316284,3.4000000953674316,3.200000047683716,3.2699999809265137,20195131
2025-04-11,3.25,3.3499999046325684,3.200000047683716,3.309999942779541,12447000
2025-04-14,3.440000057220459,3.440000057220459,3.309999942779541,3.380000114440918,9236000
2025-04-15,3.5,3.5199999809265137,3.3499999046325684,3.390000104904175,11365767
2025-04-16,3.359999895095825,3.4800000190734863,3.2699999809265137,3.3499999046325684,9576737
2025-04-17,3.319999933242798,3.3399999141693115,3.25,3.319999933242798,7886405
2025-04-22,3.309999942779541,3.3399999141693115,3.25,3.309999942779541,6706250
2025-04-23,3.3499999046325684,3.390000104904175,3.309999942779541,3.3499999046325684,10394442
2025-04-24,3.4000000953674316,3.4000000953674316,3.200000047683716,3.259999990463257,11931591
2025-04-25,3.2699999809265137,3.2699999809265137,3.059999942779541,3.069999933242798,21247000
2025-04-28,3.0799999237060547,3.140000104904175,3.069999933242798,3.109999895095825,7194542
2025-04-29,3.109999895095825,3.1700000762939453,3.069999933242798,3.130000114440918,5789361
2025-04-30,3.130000114440918,3.2799999713897705,3.119999885559082,3.259999990463257,9418215
2025-05-02,3.2699999809265137,3.3299999237060547,3.1500000953674316,3.319999933242798,3498510
2025-05-06,3.299999952316284,3.3399999141693115,3.2100000381469727,3.240000009536743,6901000
2025-05-07,3.2899999618530273,3.3499999046325684,3.1700000762939453,3.2200000286102295,8668000
2025-05-08,3.2100000381469727,3.2300000190734863,3.140000104904175,3.1500000953674316,7470000
2025-05-09,3.1600000858306885,3.2699999809265137,3.059999942779541,3.190000057220459,10412000
2025-05-12,3.2200000286102295,3.490000009536743,3.2200000286102295,3.4700000286102295,25377000
2025-05-13,3.490000009536743,3.490000009536743,3.309999942779541,3.369999885559082,12288000
2025-05-14,3.4100000858306885,3.440000057220459,3.2799999713897705,3.319999933242798,8234476
2025-05-15,3.299999952316284,3.380000114440918,3.2699999809265137,3.319999933242798,7773000
2025-05-16,3.369999885559082,3.4600000381469727,3.299999952316284,3.4200000762939453,16135949
2025-05-19,3.4200000762939453,3.75,3.4100000858306885,3.5299999713897705,36679110
2025-05-20,3.5299999713897705,3.9000000953674316,3.450000047683716,3.8499999046325684,37003000
2025-05-21,3.890000104904175,4.039999961853027,3.809999942779541,3.9700000286102295,34599022
2025-05-22,3.9600000381469727,4.159999847412109,3.8399999141693115,4.110000133514404,43287000
2025-05-23,4.110000133514404,4.139999866485596,4.050000190734863,4.070000171661377,21283493
2025-05-26,4.099999904632568,4.400000095367432,4.070000171661377,4.170000076293945,59157019
2025-05-27,3.7200000286102295,3.7300000190734863,3.299999952316284,3.4700000286102295,206009591
2025-05-28,3.4700000286102295,3.5199999809265137,3.3499999046325684,3.4100000858306885,45800113
2025-05-29,3.4200000762939453,3.509999990463257,3.4100000858306885,3.450000047683716,25489259
2025-05-30,3.4700000286102295,3.9200000762939453,3.430000066757202,3.619999885559082,141405000
2025-06-02,3.559999942779541,3.619999885559082,3.450000047683716,3.5199999809265137,8233364
2025-06-03,3.5799999237060547,3.5899999141693115,3.4000000953674316,3.430000066757202,38220000
2025-06-04,3.4600000381469727,3.4600000381469727,3.3499999046325684,3.380000114440918,38006889
2025-06-05,3.4000000953674316,3.4000000953674316,3.2699999809265137,3.3499999046325684,30629500
2025-06-06,3.369999885559082,3.369999885559082,3.2699999809265137,3.2899999618530273,15905000
2025-06-09,3.2899999618530273,3.4100000858306885,3.2899999618530273,3.369999885559082,16991859
2025-06-10,3.390000104904175,3.390000104904175,3.180000066757202,3.2799999713897705,31076628
2025-06-11,3.2899999618530273,3.3399999141693115,3.200000047683716,3.200000047683716,26757000
2025-06-12,3.259999990463257,3.309999942779541,3.1700000762939453,3.2699999809265137,24873519
2025-06-13,3.2899999618530273,3.3499999046325684,3.200000047683716,3.200000047683716,20144217
2025-06-16,3.2100000381469727,3.2200000286102295,3.130000114440918,3.180000066757202,23676000
2025-06-17,3.180000066757202,3.2699999809265137,3.0899999141693115,3.0999999046325684,20044000
2025-06-18,3.0899999141693115,3.0999999046325684,3.0399999618530273,3.0899999141693115,9462036
2025-06-19,3.180000066757202,3.2799999713897705,3.0999999046325684,3.119999885559082,46612000
2025-06-20,3.1500000953674316,3.1500000953674316,2.9700000286102295,2.990000009536743,46525145
2025-06-23,2.9800000190734863,3.0,2.859999895095825,2.9200000762939453,31258000
2025-06-24,2.950000047683716,3.0799999237060547,2.9200000762939453,3.0299999713897705,34624000
2025-06-25,3.0399999618530273,3.190000057220459,3.0399999618530273,3.190000057220459,26737000
2025-06-26,3.200000047683716,3.819999933242798,3.109999895095825,3.259999990463257,144547518
2025-06-27,3.450000047683716,3.5,3.1500000953674316,3.259999990463257,88456046
2025-06-30,3.3399999141693115,3.4100000858306885,3.2100000381469727,3.2200000286102295,96087513
2025-07-02,3.2200000286102295,3.2899999618530273,3.140000104904175,3.240000009536743,32885000
2025-07-03,3.240000009536743,3.4000000953674316,3.1600000858306885,3.3399999141693115,43299113
2025-07-04,3.3399999141693115,3.5199999809265137,3.309999942779541,3.440000057220459,79050000
2025-07-07,3.450000047683716,3.490000009536743,3.390000104904175,3.450000047683716,24680230
2025-07-08,3.4700000286102295,3.759999990463257,3.440000057220459,3.740000009536743,82095550
2025-07-09,3.740000009536743,3.869999885559082,3.6600000858306885,3.7799999713897705,43251290
2025-07-10,3.8299999237060547,3.8299999237060547,3.619999885559082,3.690000057220459,37383756
2025-07-11,3.7100000381469727,3.8499999046325684,3.690000057220459,3.7200000286102295,39013309
2025-07-14,3.75,3.799999952316284,3.609999895095825,3.6700000762939453,32938392
2025-07-15,3.7100000381469727,3.819999933242798,3.630000114440918,3.7799999713897705,32000000
2025-07-16,3.7899999618530273,3.8499999046325684,3.740000009536743,3.7899999618530273,21846000
2025-07-17,3.8299999237060547,3.930000066757202,3.759999990463257,3.9100000858306885,36502596
2025-07-18,3.9100000858306885,4.010000228881836,3.880000114440918,3.9100000858306885,35370992
2025-07-21,3.950000047683716,3.950000047683716,3.7699999809265137,3.8299999237060547,28857681
2025-07-22,3.8499999046325684,3.8499999046325684,3.5899999141693115,3.609999895095825,49255811
2025-07-23,3.680000066757202,3.680000066757202,3.5899999141693115,3.6500000953674316,18294060
2025-07-24,3.6500000953674316,3.680000066757202,3.5999999046325684,3.680000066757202,21152579
2025-07-25,3.690000057220459,3.7200000286102295,3.630000114440918,3.6600000858306885,12845063
2025-07-28,3.700000047683716,3.700000047683716,3.5,3.549999952316284,22987670
2025-07-29,3.569999933242798,3.7300000190734863,3.440000057220459,3.6600000858306885,34122066
2025-07-30,3.6600000858306885,3.700000047683716,3.509999990463257,3.5199999809265137,25496139
2025-07-31,3.549999952316284,3.6700000762939453,3.440000057220459,3.5,37919281
2025-08-01,3.509999990463257,3.5299999713897705,3.4000000953674316,3.4100000858306885,19372698
2025-08-04,3.4200000762939453,3.640000104904175,3.390000104904175,3.630000114440918,37870669
2025-08-05,3.7100000381469727,3.9200000762939453,3.640000104904175,3.8299999237060547,115523696
2025-08-06,3.990000009536743,4.199999809265137,3.819999933242798,4.179999828338623,188208585
2025-08-07,4.179999828338623,4.53000020980835,4.150000095367432,4.519999980926514,150800601
2025-08-08,4.510000228881836,5.699999809265137,4.409999847412109,5.349999904632568,348158627
2025-08-11,5.400000095367432,5.519999980926514,5.03000020980835,5.489999771118164,121234480
2025-08-12,5.320000171661377,5.840000152587891,5.300000190734863,5.460000038146973,129025765
2025-08-13,5.489999771118164,5.619999885559082,5.21999979019165,5.340000152587891,94499879
2025-08-14,5.409999847412109,5.53000020980835,5.159999847412109,5.480000019073486,72292900
2025-08-15,5.420000076293945,5.699999809265137,5.380000114440918,5.5,61291521
2025-08-18,5.5,5.610000133514404,5.300000190734863,5.460000038146973,75467332
2025-08-19,5.46999979019165,5.599999904632568,5.349999904632568,5.449999809265137,47767015
2025-08-20,5.449999809265137,5.630000114440918,5.329999923706055,5.369999885559082,75908778
2025-08-21,5.440000057220459,5.440000057220459,5.010000228881836,5.400000095367432,44794659
2025-08-22,5.380000114440918,5.449999809265137,5.28000020980835,5.420000076293945,31008735
2025-08-25,5.440000057220459,6.090000152587891,5.429999828338623,5.960000038146973,88964524
2025-08-26,6.0,6.300000190734863,5.880000114440918,6.28000020980835,77833880
2025-08-27,6.349999904632568,6.840000152587891,6.179999828338623,6.300000190734863,119419626
2025-08-28,6.320000171661377,6.619999885559082,6.090000152587891,6.360000133514404,64951438
2025-08-29,6.599999904632568,7.099999904632568,6.150000095367432,6.639999866485596,175008111
2025-09-01,6.639999866485596,6.809999942779541,6.159999847412109,6.329999923706055,97651814
2025-09-02,6.389999866485596,6.599999904632568,5.880000114440918,5.920000076293945,68478288
2025-09-03,6.0,6.139999866485596,5.880000114440918,5.960000038146973,33996000
2025-09-04,6.03000020980835,6.050000190734863,5.260000228881836,5.360000133514404,110567655
2025-09-05,5.369999885559082,5.5,5.309999942779541,5.420000076293945,45151688
2025-09-08,5.449999809265137,5.769999980926514,5.380000114440918,5.710000038146973,49407709
2025-09-09,5.730000019073486,5.730000019073486,5.340000152587891,5.389999866485596,46213000
2025-09-10,5.449999809265137,5.710000038146973,5.380000114440918,5.579999923706055,55497242
2025-09-11,5.579999923706055,5.610000133514404,5.400000095367432,5.539999961853027,32847924
2025-09-12,5.619999885559082,5.650000095367432,5.369999885559082,5.53000020980835,36706000
2025-09-15,5.550000190734863,5.550000190734863,5.300000190734863,5.380000114440918,27962000
2025-09-16,5.400000095367432,5.400000095367432,5.059999942779541,5.110000133514404,48093834
2025-09-17,5.119999885559082,5.269999980926514,5.010000228881836,5.190000057220459,31338000
2025-09-18,5.210000038146973,5.28000020980835,5.050000190734863,5.179999828338623,32434000
2025-09-19,5.179999828338623,5.210000038146973,5.050000190734863,5.210000038146973,45266896
2025-09-22,5.210000038146973,5.239999771118164,5.070000171661377,5.099999904632568,26668000
2025-09-23,5.199999809265137,5.460000038146973,4.980000019073486,5.230000019073486,112956000
2025-09-24,5.260000228881836,5.429999828338623,5.110000133514404,5.329999923706055,73434500
2025-09-25,5.389999866485596,5.71999979019165,5.260000228881836,5.579999923706055,105798000
2025-09-26,5.53000020980835,5.75,5.429999828338623,5.460000038146973,48330833
2025-09-29,5.559999942779541,5.679999828338623,5.349999904632568,5.539999961853027,36811776
2025-09-30,5.599999904632568,5.980000019073486,5.510000228881836,5.96999979019165,65499000
2025-10-02,6.110000133514404,6.239999771118164,5.849999904632568,6.079999923706055,30499000
2025-10-03,6.079999923706055,6.440000057220459,6.070000171661377,6.320000171661377,29634061
2025-10-06,6.389999866485596,6.539999961853027,6.130000114440918,6.489999771118164,18820000
2025-10-08,6.489999771118164,6.619999885559082,6.230000019073486,6.599999904632568,21526000
2025-10-09,6.619999885559082,6.989999771118164,6.360000133514404,6.449999809265137,131771430
2025-10-10,6.440000057220459,6.440000057220459,5.75,5.809999942779541,86177400
2025-10-13,5.449999809265137,5.840000152587891,5.309999942779541,5.480000019073486,84696995
2025-10-14,5.579999923706055,5.670000076293945,5.230000019073486,5.289999961853027,45355000
2025-10-15,5.300000190734863,5.409999847412109,5.170000076293945,5.380000114440918,32038000
2025-10-16,5.380000114440918,5.389999866485596,5.139999866485596,5.199999809265137,32259000
2025-10-17,5.150000095367432,5.179999828338623,4.840000152587891,4.900000095367432,43325182
2025-10-20,5.0,5.139999866485596,4.949999809265137,5.059999942779541,16926000
2025-10-21,5.119999885559082,5.230000019073486,5.079999923706055,5.150000095367432,21341071
2025-10-22,5.150000095367432,5.170000076293945,5.010000228881836,5.03000020980835,12269000
2025-10-23,5.059999942779541,5.090000152587891,4.78000020980835,4.860000133514404,31419000
2025-10-24,4.909999847412109,5.119999885559082,4.860000133514404,5.070000171661377,25263114
2025-10-27,5.179999828338623,5.429999828338623,5.139999866485596,5.309999942779541,31020500
2025-10-28,5.400000095367432,5.400000095367432,5.03000020980835,5.070000171661377,30165519
2025-10-30,5.199999809265137,5.199999809265137,4.980000019073486,5.190000057220459,26361361
2025-10-31,5.190000057220459,5.309999942779541,5.110000133514404,5.190000057220459,17477000
2025-11-03,5.28000020980835,5.440000057220459,5.239999771118164,5.320000171661377,33187042
2025-11-04,5.409999847412109,5.409999847412109,4.900000095367432,4.920000076293945,36652000
2025-11-05,4.849999904632568,5.059999942779541,4.699999809265137,5.010000228881836,21489119
2025-11-06,5.130000114440918,5.199999809265137,4.929999828338623,5.070000171661377,20982098
2025-11-07,4.960000038146973,5.019999980926514,4.849999904632568,4.900000095367432,20530000
2025-11-10,4.900000095367432,4.949999809265137,4.809999942779541,4.909999847412109,18728121
2025-11-11,4.929999828338623,4.949999809265137,4.730000019073486,4.760000228881836,24117772
2025-11-12,4.840000152587891,4.840000152587891,4.550000190734863,4.670000076293945,31973000
2025-11-13,4.699999809265137,4.789999961853027,4.610000133514404,4.71999979019165,18613105
2025-11-14,4.630000114440918,4.760000228881836,4.570000171661377,4.590000152587891,21820696
2025-11-17,4.610000133514404,4.889999866485596,4.579999923706055,4.769999980926514,30633141
2025-11-18,4.769999980926514,4.769999980926514,4.550000190734863,4.599999904632568,20631518
2025-11-19,4.599999904632568,4.699999809265137,4.400000095367432,4.570000171661377,36281147
2025-11-20,4.570000171661377,4.619999885559082,4.440000057220459,4.489999771118164,23135000
2025-11-21,4.409999847412109,4.409999847412109,4.260000228881836,4.349999904632568,24874007
2025-11-24,4.389999866485596,4.650000095367432,4.300000190734863,4.639999866485596,33613036
2025-11-25,4.699999809265137,5.130000114440918,4.699999809265137,4.96999979019165,80866429
2025-11-26,4.869999885559082,5.150000095367432,4.869999885559082,4.989999771118164,35302111
2025-11-27,4.989999771118164,5.039999961853027,4.889999866485596,5.0,20927000
2025-11-28,5.019999980926514,5.090000152587891,4.940000057220459,5.010000228881836,15712000
2025-12-01,5.039999961853027,5.039999961853027,4.900000095367432,4.949999809265137,13549000
2025-12-02,4.929999828338623,4.929999828338623,4.659999847412109,4.690000057220459,22003000
2025-12-03,4.670000076293945,4.690000057220459,4.559999942779541,4.590000152587891,14867840
2025-12-04,4.550000190734863,4.699999809265137,4.539999961853027,4.599999904632568,11110106
2025-12-05,4.559999942779541,4.670000076293945,4.559999942779541,4.610000133514404,8855000
2025-12-08,4.650000095367432,4.650000095367432,4.440000057220459,4.5,33424118
2025-12-09,4.510000228881836,4.510000228881836,4.25,4.309999942779541,43528000
2025-12-10,4.329999923706055,4.389999866485596,4.170000076293945,4.239999771118164,19122915
2025-12-11,4.269999980926514,4.320000171661377,4.110000133514404,4.159999847412109,22182152
2025-12-12,4.199999809265137,4.489999771118164,4.179999828338623,4.400000095367432,40676110
2025-12-15,4.400000095367432,4.400000095367432,4.230000019073486,4.269999980926514,17292160
2025-12-16,4.199999809265137,4.409999847412109,4.159999847412109,4.380000114440918,32162075
2025-12-17,4.300000190734863,4.389999866485596,4.260000228881836,4.28000020980835,12075870
2025-12-18,4.239999771118164,4.260000228881836,4.130000114440918,4.179999828338623,18560000
2025-12-19,4.260000228881836,4.260000228881836,4.179999828338623,4.210000038146973,15391147
2025-12-22,4.210000038146973,4.289999961853027,4.119999885559082,4.199999809265137,17707000
2025-12-23,4.210000038146973,4.28000020980835,4.130000114440918,4.210000038146973,16860111
2025-12-24,4.230000019073486,4.230000019073486,4.230000019073486,4.230000019073486,0
2025-12-29,4.239999771118164,4.320000171661377,4.139999866485596,4.150000095367432,17068003
2025-12-30,4.150000095367432,4.179999828338623,4.059999942779541,4.119999885559082,23952514
2025-12-31,4.110000133514404,4.110000133514404,4.110000133514404,4.110000133514404,0
2026-01-02,4.110000133514404,4.309999942779541,4.079999923706055,4.300000190734863,6796000
2026-01-05,4.21999979019165,4.480000019073486,4.179999828338623,4.329999923706055,26790099
2026-01-06,4.340000152587891,4.53000020980835,4.340000152587891,4.449999809265137,24167114
2026-01-07,4.46999979019165,4.489999771118164,4.320000171661377,4.420000076293945,23839000
2026-01-08,4.46999979019165,4.429999828338623,4.239999771118164,4.300000190734863,23261000
2026-01-09,4.329999923706055,4.829999923706055,4.320000171661377,4.820000171661377,61190601
2026-01-12,4.920000076293945,5.300000190734863,4.920000076293945,5.25,93585592
2026-01-13,5.340000152587891,5.420000076293945,5.21999979019165,5.300000190734863,70029749
2026-01-14,5.340000152587891,5.570000171661377,5.170000076293945,5.239999771118164,70174893
2026-01-15,5.239999771118164,5.369999885559082,5.019999980926514,5.110000133514404,40643000
2026-01-16,5.130000114440918,5.130000114440918,4.840000152587891,4.909999847412109,43690000
2026-01-19,4.909999847412109,4.920000076293945,4.599999904632568,4.650000095367432,37877000
2026-01-20,4.670000076293945,4.730000019073486,4.570000171661377,4.590000152587891,18508402
2026-01-21,4.579999923706055,4.699999809265137,4.46999979019165,4.659999847412109,30012724
2026-01-22,4.670000076293945,4.809999942779541,4.670000076293945,4.75,26157000
2026-01-23,4.800000190734863,4.869999885559082,4.699999809265137,4.760000228881836,20756233
2026-01-26,4.75,4.940000057220459,4.679999828338623,4.710000038146973,23548000
2026-01-27,4.730000019073486,4.730000019073486,4.539999961853027,4.610000133514404,32886000
2026-01-28,4.630000114440918,4.630000114440918,4.460000038146973,4.46999979019165,31465000
2026-01-29,4.460000038146973,5.050000190734863,4.300000190734863,4.789999961853027,73134098
2026-01-30,4.809999942779541,4.960000038146973,4.730000019073486,4.840000152587891,34831115
2026-02-02,4.829999923706055,4.880000114440918,4.599999904632568,4.639999866485596,20750153
2026-02-03,4.679999828338623,4.760000228881836,4.480000019073486,4.650000095367432,21514120
2026-02-04,4.659999847412109,4.659999847412109,4.349999904632568,4.409999847412109,38254000
2026-02-05,4.309999942779541,4.460000038146973,4.309999942779541,4.440000057220459,13089807
2026-02-06,4.420000076293945,4.420000076293945,4.25,4.260000228881836,23560311
2026-02-09,4.460000038146973,4.820000171661377,4.420000076293945,4.570000171661377,68184000
2026-02-10,4.849999904632568,5.409999847412109,4.829999923706055,5.230000019073486,249740129
2026-02-11,5.449999809265137,5.559999942779541,5.019999980926514,5.079999923706055,134647300
2026-02-12,5.139999866485596,5.880000114440918,5.0,5.739999771118164,181965000
2026-02-13,5.78000020980835,6.039999961853027,5.590000152587891,5.840000152587891,122005916
2026-02-16,6.28000020980835,6.28000020980835,6.28000020980835,6.28000020980835,0
2026-02-20,6.300000190734863,6.300000190734863,5.710000038146973,5.739999771118164,31962000
2026-02-23,5.809999942779541,5.809999942779541,5.460000038146973,5.599999904632568,22540000
2026-02-24,5.550000190734863,5.670000076293945,5.03000020980835,5.199999809265137,109910400
2026-02-25,5.25,5.429999828338623,5.099999904632568,5.119999885559082,32097000
2026-02-26,5.190000057220459,5.230000019073486,4.929999828338623,4.989999771118164,49093000
2026-02-27,5.050000190734863,5.150000095367432,4.929999828338623,4.949999809265137,30997376
2026-03-02,4.800000190734863,4.849999904632568,4.579999923706055,4.630000114440918,50085000
2026-03-03,4.599999904632568,4.659999847412109,4.329999923706055,4.369999885559082,52945000
2026-03-04,4.360000133514404,4.460000038146973,4.260000228881836,4.420000076293945,31104000
2026-03-05,4.570000171661377,4.570000171661377,4.409999847412109,4.460000038146973,26626000
2026-03-06,4.46999979019165,4.650000095367432,4.460000038146973,4.46999979019165,24233200
2026-03-09,4.239999771118164,4.320000171661377,4.150000095367432,4.300000190734863,32855700
2026-03-10,4.360000133514404,4.590000152587891,4.329999923706055,4.489999771118164,26305000
2026-03-11,4.590000152587891,4.590000152587891,4.309999942779541,4.349999904632568,23200000
2026-03-12,4.389999866485596,4.449999809265137,4.269999980926514,4.429999828338623,18936000
2026-03-13,4.409999847412109,4.409999847412109,4.210000038146973,4.21999979019165,26945000
2026-03-16,4.239999771118164,4.320000171661377,4.119999885559082,4.289999961853027,20189000
2026-03-17,4.329999923706055,4.5,4.25,4.28000020980835,26542792
2026-03-18,4.320000171661377,4.449999809265137,4.190000057220459,4.449999809265137,27546739
2026-03-19,4.349999904632568,4.409999847412109,4.300000190734863,4.340000152587891,16544000
2026-03-20,4.360000133514404,4.360000133514404,3.9600000381469727,4.059999942779541,75324444
2026-03-23,3.9600000381469727,3.9600000381469727,3.6600000858306885,3.740000009536743,42243000
2026-03-24,3.8499999046325684,3.8499999046325684,3.6500000953674316,3.7799999713897705,23141000
2026-03-25,3.869999885559082,4.019999980926514,3.799999952316284,3.890000104904175,25105994
2026-03-26,3.9000000953674316,3.950000047683716,3.759999990463257,3.809999942779541,20788000
2026-03-27,3.759999990463257,3.8399999141693115,3.5199999809265137,3.700000047683716,32269628
2026-03-30,3.690000057220459,3.690000057220459,3.430000066757202,3.5299999713897705,31834000
2026-03-31,3.569999933242798,3.569999933242798,3.369999885559082,3.430000066757202,31153000
2026-04-01,3.549999952316284,3.630000114440918,3.4700000286102295,3.5999999046325684,20079000
2026-04-02,3.6500000953674316,3.6500000953674316,3.4800000190734863,3.509999990463257,11668684
2026-04-08,3.5999999046325684,3.9800000190734863,3.5999999046325684,3.9600000381469727,44785000
2026-04-09,3.9100000858306885,3.950000047683716,3.740000009536743,3.759999990463257,23198000
2026-04-10,3.819999933242798,3.930000066757202,3.75,3.8399999141693115,36288000
2026-04-13,3.7899999618530273,3.7899999618530273,3.5999999046325684,3.630000114440918,23586130
2026-04-14,3.700000047683716,3.740000009536743,3.549999952316284,3.640000104904175,22463000
2026-04-15,3.7100000381469727,3.759999990463257,3.630000114440918,3.6600000858306885,15965000
2026-04-16,3.7300000190734863,3.890000104904175,3.700000047683716,3.819999933242798,24325000
2026-04-17,3.8399999141693115,3.8399999141693115,3.6700000762939453,3.7100000381469727,17763000
2026-04-20,3.680000066757202,3.680000066757202,3.490000009536743,3.549999952316284,37543000
2026-04-21,3.5899999141693115,3.5899999141693115,3.2799999713897705,3.3299999237060547,53549000
2026-04-22,3.3299999237060547,3.4100000858306885,3.240000009536743,3.3499999046325684,37358000
2026-04-23,3.3499999046325684,3.390000104904175,3.2200000286102295,3.240000009536743,23560628
2026-04-24,3.240000009536743,3.2899999618530273,3.119999885559082,3.2200000286102295,18650000
2026-04-27,3.2200000286102295,3.2200000286102295,3.140000104904175,3.180000066757202,17781256
2026-04-28,3.140000104904175,3.200000047683716,3.0399999618530273,3.0899999141693115,22397000
2026-04-29,3.0999999046325684,3.1700000762939453,3.059999942779541,3.1700000762939453,16926000
2026-04-30,3.1500000953674316,3.1500000953674316,3.0799999237060547,3.130000114440918,22389083
2026-05-04,3.130000114440918,3.25,3.130000114440918,3.2100000381469727,6514000
2026-05-05,3.2100000381469727,3.2100000381469727,3.0999999046325684,3.1700000762939453,2441000
2026-05-06,3.1700000762939453,3.180000066757202,2.990000009536743,3.009999990463257,39940000
2026-05-07,3.0399999618530273,3.119999885559082,3.0399999618530273,3.0999999046325684,26428000
2026-05-08,3.109999895095825,3.319999933242798,3.0299999713897705,3.259999990463257,44974000
2026-05-11,3.299999952316284,3.309999942779541,3.0799999237060547,3.119999885559082,36160232
2026-05-12,3.1500000953674316,3.1500000953674316,2.950000047683716,2.9700000286102295,33042000
2026-05-13,2.9700000286102295,3.0799999237060547,2.869999885559082,2.9800000190734863,29445000
2026-05-14,3.049999952316284,3.0799999237060547,2.880000114440918,2.9000000953674316,21862445
2026-05-15,2.9000000953674316,2.940000057220459,2.819999933242798,2.9000000953674316,16922587
2026-05-18,2.9000000953674316,2.9000000953674316,2.690000057220459,2.7200000286102295,41561288
2026-05-19,2.7300000190734863,2.8399999141693115,2.7100000381469727,2.819999933242798,18603000
2026-05-20,2.9200000762939453,3.0299999713897705,2.8299999237060547,2.8499999046325684,40775000
2026-05-21,2.859999895095825,2.9000000953674316,2.690000057220459,2.7300000190734863,19692000
2026-05-22,2.7300000190734863,2.9100000858306885,2.690000057220459,2.890000104904175,20398000
2026-05-26,2.890000104904175,2.9600000381469727,2.7699999809265137,2.940000057220459,19353000
2026-05-27,2.940000057220459,2.950000047683716,2.859999895095825,2.880000114440918,11105642
2026-05-28,2.890000104904175,2.9200000762939453,2.7699999809265137,2.819999933242798,15222000
2026-05-29,2.8499999046325684,2.9000000953674316,2.7799999713897705,2.799999952316284,14323000
2026-06-01,2.869999885559082,3.140000104904175,2.799999952316284,3.0399999618530273,55890000
2026-06-02,3.0999999046325684,3.119999885559082,2.9800000190734863,2.990000009536743,33761000
2026-06-03,2.990000009536743,2.990000009536743,2.759999990463257,2.819999933242798,30264000
2026-06-04,2.799999952316284,2.799999952316284,2.680000066757202,2.700000047683716,21593000
2026-06-05,2.690000057220459,2.7200000286102295,2.619999885559082,2.640000104904175,17106000
2026-06-08,2.559999942779541,2.559999942779541,2.390000104904175,2.4600000381469727,30242000
2026-06-09,2.4700000286102295,2.4700000286102295,2.390000104904175,2.430000066757202,24800000
2026-06-10,2.430000066757202,2.619999885559082,2.3399999141693115,2.5899999141693115,26529000
2026-06-11,2.5899999141693115,2.5899999141693115,2.509999990463257,2.5399999618530273,15292000
2026-06-12,2.5799999237060547,2.6700000762939453,2.5299999713897705,2.569999933242798,17469000
2026-06-15,2.5899999141693115,2.6500000953674316,2.5799999237060547,2.619999885559082,13318000
2026-06-16,2.630000114440918,2.630000114440918,2.4800000190734863,2.5199999809265137,15594000
2026-06-17,2.509999990463257,2.559999942779541,2.490000009536743,2.5299999713897705,9049000
2026-06-18,2.5299999713897705,2.630000114440918,2.4000000953674316,2.4800000190734863,36414000
2026-06-22,2.4800000190734863,2.4800000190734863,2.359999895095825,2.4100000858306885,15236000
2026-06-23,2.380000114440918,2.4000000953674316,2.259999990463257,2.2899999618530273,23473000
2026-06-24,2.2799999713897705,2.4000000953674316,2.259999990463257,2.3299999237060547,25605000
2026-06-25,2.3299999237060547,2.3299999237060547,2.2100000381469727,2.25,32548000
2026-06-26,2.2799999713897705,2.2799999713897705,2.1700000762939453,2.2200000286102295,15222864
2026-06-29,2.2200000286102295,2.359999895095825,2.2200000286102295,2.319999933242798,23079000
2026-06-30,2.3399999141693115,2.380000114440918,2.25,2.299999952316284,13988000
2026-07-02,2.309999942779541,2.4000000953674316,2.2699999809265137,2.299999952316284,17053000
2026-07-03,2.319999933242798,2.4100000858306885,2.299999952316284,2.3499999046325684,17442000
2026-07-06,2.3399999141693115,2.4200000762939453,2.309999942779541,2.4200000762939453,22909000
2026-07-07,2.380000114440918,2.5199999809265137,2.3399999141693115,2.359999895095825,20278000
2026-07-08,2.390000104904175,2.490000009536743,2.3499999046325684,2.450000047683716,21802000
2026-07-09,2.4700000286102295,2.509999990463257,2.4000000953674316,2.440000057220459,19499000
2026-07-10,2.450000047683716,2.509999990463257,2.369999885559082,2.390000104904175,20113000
2026-07-13,2.390000104904175,2.4100000858306885,2.2699999809265137,2.299999952316284,12428000
2026-07-14,2.2699999809265137,2.299999952316284,2.180000066757202,2.299999952316284,18971000
2026-07-15,2.309999942779541,2.3299999237060547,2.240000009536743,2.2799999713897705,18460000
2026-07-16,2.319999933242798,2.630000114440918,2.319999933242798,2.549999952316284,72132166
2026-07-17,2.5299999713897705,2.5299999713897705,2.2300000190734863,2.2699999809265137,37139000
2026-07-20,2.299999952316284,2.309999942779541,2.240000009536743,2.259999990463257,16517000
2026-07-21,2.2899999618530273,2.450000047683716,2.190000057220459,2.440000057220459,31466000
2026-07-22,2.4200000762939453,2.5399999618530273,2.369999885559082,2.450000047683716,19208000
2026-07-23,2.4200000762939453,2.4200000762939453,2.3499999046325684,2.380000114440918,15664000
2026-07-24,2.359999895095825,2.359999895095825,2.2699999809265137,2.2899999618530273,13683000
2026-07-27,2.2899999618530273,2.4200000762939453,2.2699999809265137,2.390000104904175,13972000
